date,week,ws,tce_usd_day,source,note
2020-12-04,2020-49,31,11500,https://www.balticexchange.com/en/data-services/WeeklyRoundup/tanker/news/2020/tanker-report-week-49.html,first report to state a TCE
2020-12-11,2020-50,34,,https://www.balticexchange.com/en/data-services/WeeklyRoundup/tanker/news/2020/tanker-report-week-50.html,TCE not stated
2020-12-18,2020-51,35,,https://www.balticexchange.com/en/data-services/WeeklyRoundup/tanker/news/2020/tanker-report-week-51.html,TCE not stated
2021-01-08,2021-1,40.5,,https://www.balticexchange.com/en/data-services/WeeklyRoundup/tanker/news/2021/tanker-report-week-1.html,TCE not stated; 2021 Worldscale flat rates fell about 17%
2021-01-15,2021-2,35,,https://www.balticexchange.com/en/data-services/WeeklyRoundup/tanker/news/2021/tanker-report-week-2.html,'just below WS35'; TCE not stated
2021-01-22,2021-3,30,-800,https://www.balticexchange.com/en/data-services/WeeklyRoundup/tanker/news/2021/tanker-report-week-3.html,
2021-01-29,2021-4,32.5,,https://www.balticexchange.com/en/data-services/WeeklyRoundup/tanker/news/2021/tanker-report-week-4.html,'just about a positive TCE'; not stated
2021-02-05,2021-5,31,1500,https://www.balticexchange.com/en/data-services/WeeklyRoundup/tanker/news/2021/tanker-report-week-5.html,
2021-02-12,2021-6,31.5,,https://www.balticexchange.com/en/data-services/WeeklyRoundup/tanker/news/2021/tanker-report-week-6.html,TCE not stated
2021-02-19,2021-7,32.75,,https://www.balticexchange.com/en/data-services/WeeklyRoundup/tanker/news/2021/tanker-report-week-7.html,WS32.5/33 midpoint; TCE not stated
2021-02-26,2021-8,31.5,-2900,https://www.balticexchange.com/en/data-services/WeeklyRoundup/tanker/news/2021/tanker-report-week-8.html,
2021-03-05,2021-9,30,-3300,https://www.balticexchange.com/en/data-services/WeeklyRoundup/tanker/news/2021/tanker-report-week-9.html,
2021-03-12,2021-10,28.25,-6000,https://www.balticexchange.com/en/data-services/WeeklyRoundup/tanker/news/2021/tanker-report-week-10.html,WS28-28.5 midpoint
2021-03-19,2021-11,28.5,-5500,https://www.balticexchange.com/en/data-services/WeeklyRoundup/tanker/news/2021/tanker-report-week-11.html,
2021-04-09,2021-14,31.5,-500,https://balticexchange.com/en/data-services/WeeklyRoundup/tanker/news/2021/tanker-report-week-14.html,'about $500 below zero'
2021-04-30,2021-17,35,2000,https://www.balticexchange.com/en/data-services/WeeklyRoundup/tanker/news/2021/tanker-report-week-17.html,
2021-05-07,2021-18,32.75,800,https://www.balticexchange.com/en/data-services/WeeklyRoundup/tanker/news/2021/tanker-report-week-18.html,WS32.5/33 midpoint
2021-05-14,2021-19,32.5,-1400,https://www.balticexchange.com/en/data-services/WeeklyRoundup/tanker/news/2021/tanker-report-week-19.html,
2021-05-21,2021-20,34.5,1700,https://www.balticexchange.com/en/data-services/WeeklyRoundup/tanker/news/2021/tanker-report-week-20.html,
2021-05-28,2021-21,36.25,3250,https://www.balticexchange.com/en/data-services/WeeklyRoundup/tanker/news/2021/tanker-report-week-21.html,WS36-36.5 midpoint
2021-06-04,2021-22,34.25,-100,https://www.balticexchange.com/en/data-services/WeeklyRoundup/tanker/news/2021/tanker-report-week-22.html,WS34-34.5 midpoint
2021-06-11,2021-23,31,-4100,https://www.balticexchange.com/en/data-services/WeeklyRoundup/tanker/news/2021/tanker-report-week-23.html,
2021-06-25,2021-25,32.5,-3500,https://www.balticexchange.com/en/data-services/WeeklyRoundup/tanker/news/2021/tanker-report-week-25.html,
2021-07-02,2021-26,31.75,-4600,https://www.balticexchange.com/en/data-services/WeeklyRoundup/tanker/news/2021/tanker-report-week-26.html,WS31.5-32 midpoint
2021-07-09,2021-27,31.75,-5000,https://www.balticexchange.com/en/data-services/WeeklyRoundup/tanker/news/2021/tanker-report-week-27.html,WS31.5-32 midpoint
2021-07-16,2021-28,31.5,-5600,https://www.balticexchange.com/en/data-services/WeeklyRoundup/tanker/news/2021/tanker-report-week-28.html,
2021-07-23,2021-29,31.5,-3200,https://www.balticexchange.com/en/data-services/WeeklyRoundup/tanker/news/2021/tanker-report-week-29.html,
2021-07-30,2021-30,31.5,-4900,https://www.balticexchange.com/en/data-services/WeeklyRoundup/tanker/news/2021/tanker-report-week-30.html,
2021-08-06,2021-31,31.5,-4300,https://www.balticexchange.com/en/data-services/WeeklyRoundup/tanker/news/2021/tanker-report-week-31.html,
2021-08-13,2021-32,31,-4200,https://www.balticexchange.com/en/data-services/WeeklyRoundup/tanker/news/2021/tanker-report-week-32.html,
2021-08-20,2021-33,31.32,-3164,https://www.balticexchange.com/en/data-services/WeeklyRoundup/tanker/news/2021/tanker-report-week-33.html,
2021-08-27,2021-34,32.86,-1008,https://www.balticexchange.com/en/data-services/WeeklyRoundup/tanker/news/2021/tanker-report-week-34.html,
2021-09-03,2021-35,34,-2000,https://www.balticexchange.com/en/data-services/WeeklyRoundup/tanker/news/2021/tanker-report-week-35.html,'just shy of WS34'
2021-09-10,2021-36,34,-1900,https://www.balticexchange.com/en/data-services/WeeklyRoundup/tanker/news/2021/tanker-report-week-36.html,
2021-09-17,2021-37,34.6,-1700,https://balticexchange.com/en/data-services/WeeklyRoundup/tanker/news/2021/tanker-report-week-37.html,
2021-09-24,2021-38,39,1900,https://www.balticexchange.com/en/data-services/WeeklyRoundup/tanker/news/2021/tanker-report-week-38.html,
2021-10-01,2021-39,41,3200,https://balticexchange.com/en/data-services/WeeklyRoundup/tanker/news/2021/tanker-report-week-39.html,
2021-10-08,2021-40,40.75,1700,https://www.balticexchange.com/en/data-services/WeeklyRoundup/tanker/news/2021/tanker-report-week-40.html,WS40.5-41 midpoint
2021-10-15,2021-41,40.25,-100,https://www.balticexchange.com/en/data-services/WeeklyRoundup/tanker/news/2021/tanker-report-week-41.html,
2021-11-05,2021-44,45,3900,https://www.balticexchange.com/en/data-services/WeeklyRoundup/tanker/news/2021/tanker-report-week-44.html,
2021-11-12,2021-45,43,1100,https://www.balticexchange.com/en/data-services/WeeklyRoundup/tanker/news/2021/tanker-report-week-45.html,
2021-11-19,2021-46,42.5,1900,https://www.balticexchange.com/en/data-services/WeeklyRoundup/tanker/news/2021/tanker-report-week-46.html,
2021-11-26,2021-47,42,135,https://www.balticexchange.com/en/data-services/WeeklyRoundup/tanker/news/2021/tanker-report-week-47.html,
2021-12-03,2021-48,40,731,https://www.balticexchange.com/en/data-services/WeeklyRoundup/tanker/news/2021/tanker-report-week-48.html,
2021-12-10,2021-49,38,-1300,https://www.balticexchange.com/en/data-services/WeeklyRoundup/tanker/news/2021/tanker-report-week-49.html,
2021-12-17,2021-50,40.05,891,https://www.balticexchange.com/en/data-services/WeeklyRoundup/tanker/news/2021/tanker-report-week-50.html,
2022-01-07,2022-1,37,-760,https://www.balticexchange.com/en/data-services/WeeklyRoundup/tanker/news/2022/tanker-report-week-1.html,
2022-01-14,2022-2,36.5,-4200,https://www.balticexchange.com/en/data-services/WeeklyRoundup/tanker/news/2022/tanker-report-week-2.html,
2022-01-21,2022-3,35.5,-6300,https://www.balticexchange.com/en/data-services/WeeklyRoundup/tanker/news/2022/tanker-report-week-3.html,
2022-01-28,2022-4,35.5,-5200,https://www.balticexchange.com/en/data-services/WeeklyRoundup/tanker/news/2022/tanker-report-week-4.html,
2022-02-04,2022-5,34,-8300,https://www.balticexchange.com/en/data-services/WeeklyRoundup/tanker/news/2022/tanker-report-week-5.html,
2022-02-11,2022-6,33,-10600,https://www.balticexchange.com/en/data-services/WeeklyRoundup/tanker/news/2022/tanker-report-week-6.html,
2022-02-18,2022-7,32,-13100,https://www.balticexchange.com/en/data-services/WeeklyRoundup/tanker/news/2022/tanker-report-week-7.html,
2022-02-25,2022-8,38.82,-5800,https://www.balticexchange.com/en/data-services/WeeklyRoundup/tanker/news/2022/tanker-report-week-8.html,
2022-03-04,2022-9,55,5700,https://www.balticexchange.com/en/data-services/WeeklyRoundup/tanker/news/2022/tanker-report-week-9.html,
2022-03-11,2022-10,46.5,-15300,https://www.balticexchange.com/en/data-services/WeeklyRoundup/tanker/news/2022/tanker-report-week-10.html,
2022-03-18,2022-11,38.5,-9700,https://www.balticexchange.com/en/data-services/WeeklyRoundup/tanker/news/2022/tanker-report-week-11.html,
2022-03-25,2022-12,36,-18900,https://www.balticexchange.com/en/data-services/WeeklyRoundup/tanker/news/2022/tanker-report-week-12.html,
2022-04-01,2022-13,43.5,-8600,https://www.balticexchange.com/en/data-services/WeeklyRoundup/tanker/news/2022/tanker-report-week-13.html,
2022-04-08,2022-14,53.5,3600,https://www.balticexchange.com/en/data-services/WeeklyRoundup/tanker/news/2022/tanker-report-week-14.html,
2022-04-22,2022-16,50,-1800,https://www.balticexchange.com/en/data-services/WeeklyRoundup/tanker/news/2022/tanker-report-week-16.html,
2022-04-29,2022-17,47,-2800,https://www.balticexchange.com/en/data-services/WeeklyRoundup/tanker/news/2022/tanker-report-week-17.html,
2022-05-06,2022-18,44.7,-8300,https://www.balticexchange.com/en/data-services/WeeklyRoundup/tanker/news/2022/tanker-report-week-18.html,
2022-05-13,2022-19,40,-10800,https://www.balticexchange.com/en/data-services/WeeklyRoundup/tanker/news/2022/tanker-report-week-19.html,
2022-05-20,2022-20,40,-16800,https://www.balticexchange.com/en/data-services/WeeklyRoundup/tanker/news/2022/tanker-report-week-20.html,
2022-05-27,2022-21,41.6,-17800,https://www.balticexchange.com/en/data-services/WeeklyRoundup/tanker/news/2022/tanker-report-week-21.html,
2022-06-10,2022-23,45,-22200,https://www.balticexchange.com/en/data-services/WeeklyRoundup/tanker/news/2022/tanker-report-week-23.html,
2022-06-17,2022-24,45,-20300,https://www.balticexchange.com/en/data-services/WeeklyRoundup/tanker/news/2022/tanker-report-week-24.html,
2022-06-24,2022-25,49,-14600,https://www.balticexchange.com/en/data-services/WeeklyRoundup/tanker/news/2022/tanker-report-week-25.html,
2022-07-01,2022-26,55,-10600,https://www.balticexchange.com/en/data-services/WeeklyRoundup/tanker/news/2022/tanker-report-week-26.html,
2022-07-08,2022-27,56.5,-5400,https://www.balticexchange.com/en/data-services/WeeklyRoundup/tanker/news/2022/tanker-report-week-27.html,
2022-07-15,2022-28,58,-700,https://www.balticexchange.com/en/data-services/WeeklyRoundup/tanker/news/2022/tanker-report-week-28.html,
2022-07-22,2022-29,61.5,4800,https://www.balticexchange.com/en/data-services/WeeklyRoundup/tanker/news/2022/tanker-report-week-29.html,
2022-07-29,2022-30,59,9100,https://www.balticexchange.com/en/data-services/WeeklyRoundup/tanker/news/2022/tanker-report-week-30.html,
2022-08-05,2022-31,57.5,13200,https://www.balticexchange.com/en/data-services/WeeklyRoundup/tanker/news/2022/tanker-report-week-31.html,
2022-08-12,2022-32,60,16900,https://www.balticexchange.com/en/data-services/WeeklyRoundup/tanker/news/2022/tanker-report-week-32.html,
2022-08-19,2022-33,80,40800,https://www.balticexchange.com/en/data-services/WeeklyRoundup/tanker/news/2022/tanker-report-week-33.html,
2022-08-26,2022-34,80.64,37270,https://www.balticexchange.com/en/data-services/WeeklyRoundup/tanker/news/2022/tanker-report-week-34.html,
2022-09-02,2022-35,75.73,35013,https://www.balticexchange.com/en/data-services/WeeklyRoundup/tanker/news/2022/tanker-report-week-35.html,
2022-09-09,2022-36,70.5,31700,https://www.balticexchange.com/en/data-services/WeeklyRoundup/tanker/news/2022/tanker-report-week-36.html,
2022-09-16,2022-37,88,50600,https://www.balticexchange.com/en/data-services/WeeklyRoundup/tanker/news/2022/tanker-report-week-37.html,
2022-09-23,2022-38,104,68600,https://www.balticexchange.com/en/data-services/WeeklyRoundup/tanker/news/2022/tanker-report-week-38.html,
2022-09-30,2022-39,85,50100,https://www.balticexchange.com/en/data-services/WeeklyRoundup/tanker/news/2022/tanker-report-week-39.html,
2022-10-07,2022-40,81,41700,https://www.balticexchange.com/en/data-services/WeeklyRoundup/tanker/news/2022/tanker-report-week-40.html,
2022-10-14,2022-41,87.5,47800,https://www.balticexchange.com/en/data-services/WeeklyRoundup/tanker/news/2022/tanker-report-week-41.html,
2022-10-21,2022-42,107.5,72199,https://www.balticexchange.com/en/data-services/WeeklyRoundup/tanker/news/2022/tanker-report-week-42.html,
2022-10-28,2022-43,98,62800,https://www.balticexchange.com/en/data-services/WeeklyRoundup/tanker/news/2022/tanker-report-week-43.html,
2022-11-04,2022-44,106.5,71900,https://www.balticexchange.com/en/data-services/WeeklyRoundup/tanker/news/2022/tanker-report-week-44.html,
2022-11-11,2022-45,113,79700,https://www.balticexchange.com/en/data-services/WeeklyRoundup/tanker/news/2022/tanker-report-week-45.html,
2022-11-18,2022-46,128,96400,https://www.balticexchange.com/en/data-services/WeeklyRoundup/tanker/news/2022/tanker-report-week-46.html,
2022-11-25,2022-47,109.75,76854,https://www.balticexchange.com/en/data-services/WeeklyRoundup/tanker/news/2022/tanker-report-week-47.html,
2022-12-02,2022-48,86,50600,https://www.balticexchange.com/en/data-services/WeeklyRoundup/tanker/news/2022/tanker-report-week-48.html,
2022-12-09,2022-49,72.5,40500,https://www.balticexchange.com/en/data-services/WeeklyRoundup/tanker/news/2022/tanker-report-week-49.html,
2022-12-16,2022-50,82.88,50700,https://www.balticexchange.com/en/data-services/WeeklyRoundup/tanker/news/2022/tanker-report-week-50.html,
2023-01-06,2023-1,53.27,31800,https://www.balticexchange.com/en/data-services/WeeklyRoundup/tanker/news/2023/tanker-report-week-1.html,
2023-01-13,2023-2,44.68,18500,https://www.balticexchange.com/en/data-services/WeeklyRoundup/tanker/news/2023/tanker-report-week-2.html,
2023-01-20,2023-3,46.73,18100,https://www.balticexchange.com/en/data-services/WeeklyRoundup/tanker/news/2023/tanker-report-week-3.html,
2023-01-27,2023-4,47.73,17900,https://www.balticexchange.com/en/data-services/WeeklyRoundup/tanker/news/2023/tanker-report-week-4.html,
2023-02-03,2023-5,49.27,20300,https://www.balticexchange.com/en/data-services/WeeklyRoundup/tanker/news/2023/tanker-report-week-5.html,
2023-02-10,2023-6,53,26500,https://www.balticexchange.com/en/data-services/WeeklyRoundup/tanker/news/2023/tanker-report-week-6.html,
2023-02-17,2023-7,66.32,46125,https://www.balticexchange.com/en/data-services/WeeklyRoundup/tanker/news/2023/tanker-report-week-7.html,
2023-02-24,2023-8,62.82,47300,https://www.balticexchange.com/en/data-services/WeeklyRoundup/tanker/news/2023/tanker-report-week-8.html,Baltic typo WS4.73; corrected to 62.82 (66.32 minus 3.5)
2023-03-03,2023-9,70.23,54600,https://www.balticexchange.com/en/data-services/WeeklyRoundup/tanker/news/2023/tanker-report-week-9.html,
2023-03-10,2023-10,98.55,92522,https://www.balticexchange.com/en/data-services/WeeklyRoundup/tanker/news/2023/tanker-report-week-10.html,
2023-03-17,2023-11,93.77,89100,https://www.balticexchange.com/en/data-services/WeeklyRoundup/tanker/news/2023/tanker-report-week-11.html,
2023-03-24,2023-12,90.32,83000,https://www.balticexchange.com/en/data-services/WeeklyRoundup/tanker/news/2023/tanker-report-week-12.html,
2023-03-31,2023-13,80.05,68900,https://www.balticexchange.com/en/data-services/WeeklyRoundup/tanker/news/2023/tanker-report-week-13.html,
2023-04-14,2023-15,72.64,56017,https://www.balticexchange.com/en/data-services/WeeklyRoundup/tanker/news/2023/tanker-report-week-15.html,
2023-04-21,2023-16,65.32,47100,https://www.balticexchange.com/en/data-services/WeeklyRoundup/tanker/news/2023/tanker-report-week-16.html,
2023-04-28,2023-17,56.64,36400,https://www.balticexchange.com/en/data-services/WeeklyRoundup/tanker/news/2023/tanker-report-week-17.html,
2023-05-05,2023-18,46.41,27400,https://www.balticexchange.com/en/data-services/WeeklyRoundup/tanker/news/2023/tanker-report-week-18.html,
2023-05-12,2023-19,40.45,15500,https://www.balticexchange.com/en/data-services/WeeklyRoundup/tanker/news/2023/tanker-report-week-19.html,
2023-05-19,2023-20,49.73,27500,https://www.balticexchange.com/en/data-services/WeeklyRoundup/tanker/news/2023/tanker-report-week-20.html,
2023-05-26,2023-21,50.14,27800,https://www.balticexchange.com/en/data-services/WeeklyRoundup/tanker/news/2023/tanker-report-week-21.html,
2023-06-02,2023-22,44.95,22300,https://www.balticexchange.com/en/data-services/WeeklyRoundup/tanker/news/2023/tanker-report-week-22.html,
2023-06-09,2023-23,48.36,24978,https://www.balticexchange.com/en/data-services/WeeklyRoundup/tanker/news/2023/tanker-report-week-23.html,
2023-06-16,2023-24,83.41,73500,https://www.balticexchange.com/en/data-services/WeeklyRoundup/tanker/news/2023/tanker-report-week-24.html,
2023-06-23,2023-25,66.73,48700,https://www.balticexchange.com/en/data-services/WeeklyRoundup/tanker/news/2023/tanker-report-week-25.html,
2023-06-30,2023-26,51.71,29700,https://www.balticexchange.com/en/data-services/WeeklyRoundup/tanker/news/2023/tanker-report-week-26.html,
2023-07-07,2023-27,53.96,32900,https://www.balticexchange.com/en/data-services/WeeklyRoundup/tanker/news/2023/tanker-report-week-27.html,
2023-07-14,2023-28,51.23,29200,https://www.balticexchange.com/en/data-services/WeeklyRoundup/tanker/news/2023/tanker-report-week-28.html,
2023-07-21,2023-29,52.42,31200,https://www.balticexchange.com/en/data-services/WeeklyRoundup/tanker/news/2023/tanker-report-week-29.html,
2023-07-28,2023-30,51.33,27800,https://www.balticexchange.com/en/data-services/WeeklyRoundup/tanker/news/2023/tanker-report-week-30.html,
2023-08-04,2023-31,48.5,22200,https://www.balticexchange.com/en/data-services/WeeklyRoundup/tanker/news/2023/tanker-report-week-31.html,
2023-08-11,2023-32,47.29,19431,https://www.balticexchange.com/en/data-services/WeeklyRoundup/tanker/news/2023/tanker-report-week-32.html,
2023-08-18,2023-33,46.21,18000,https://www.balticexchange.com/en/data-services/WeeklyRoundup/tanker/news/2023/tanker-report-week-33.html,TCE not stated in report; interpolated
2023-08-25,2023-34,44.13,16688,https://www.balticexchange.com/en/data-services/WeeklyRoundup/tanker/news/2023/tanker-report-week-34.html,
2023-09-01,2023-35,39.71,10173,https://www.balticexchange.com/en/data-services/WeeklyRoundup/tanker/news/2023/tanker-report-week-35.html,
2023-09-08,2023-36,36.46,4661,https://www.balticexchange.com/en/data-services/WeeklyRoundup/tanker/news/2023/tanker-report-week-36.html,
2023-09-15,2023-37,37,4244,https://www.balticexchange.com/en/data-services/WeeklyRoundup/tanker/news/2023/tanker-report-week-37.html,
2023-09-22,2023-38,49.88,21852,https://www.balticexchange.com/en/data-services/WeeklyRoundup/tanker/news/2023/tanker-report-week-38.html,
2023-09-29,2023-39,50.71,21812,https://www.balticexchange.com/en/data-services/WeeklyRoundup/tanker/news/2023/tanker-report-week-39.html,
2023-10-06,2023-40,37.08,5640,https://www.balticexchange.com/en/data-services/WeeklyRoundup/tanker/news/2023/tanker-report-week-40.html,
2023-10-13,2023-41,53.04,27963,https://www.balticexchange.com/en/data-services/WeeklyRoundup/tanker/news/2023/tanker-report-week-41.html,
2023-10-20,2023-42,55.54,28774,https://www.balticexchange.com/en/data-services/WeeklyRoundup/tanker/news/2023/tanker-report-week-42.html,
2023-10-27,2023-43,56.38,31477,https://www.balticexchange.com/en/data-services/WeeklyRoundup/tanker/news/2023/tanker-report-week-43.html,
2023-11-03,2023-44,71.83,51290,https://www.balticexchange.com/en/data-services/WeeklyRoundup/tanker/news/2023/tanker-report-week-44.html,
2023-11-10,2023-45,68.04,47145,https://www.balticexchange.com/en/data-services/WeeklyRoundup/tanker/news/2023/tanker-report-week-45.html,
2023-11-17,2023-46,74.04,54787,https://www.balticexchange.com/en/data-services/WeeklyRoundup/tanker/news/2023/tanker-report-week-46.html,
2023-11-24,2023-47,65.91,43697,https://www.balticexchange.com/en/data-services/WeeklyRoundup/tanker/news/2023/tanker-report-week-47.html,
2023-12-01,2023-48,66.5,46000,https://www.balticexchange.com/en/data-services/WeeklyRoundup/tanker/news/2023/tanker-report-week-48.html,
2023-12-08,2023-49,66.5,48747,https://www.balticexchange.com/en/data-services/WeeklyRoundup/tanker/news/2023/tanker-report-week-49.html,
2023-12-15,2023-50,55.92,35716,https://www.balticexchange.com/en/data-services/WeeklyRoundup/tanker/news/2023/tanker-report-week-50.html,
2024-01-05,2024-1,57.23,27395,https://www.balticexchange.com/en/data-services/WeeklyRoundup/tanker/news/2024/tanker-report-week-1.html,
2024-01-12,2024-2,68.5,42134,https://www.balticexchange.com/en/data-services/WeeklyRoundup/tanker/news/2024/tanker-report-week-2.html,
2024-01-19,2024-3,66.29,44420,https://www.balticexchange.com/en/data-services/WeeklyRoundup/tanker/news/2024/tanker-report-week-3.html,
2024-01-26,2024-4,58.17,34397,https://www.balticexchange.com/en/data-services/WeeklyRoundup/tanker/news/2024/tanker-report-week-4.html,
2024-02-02,2024-5,58,33500,https://www.balticexchange.com/en/data-services/WeeklyRoundup/tanker/news/2024/tanker-report-week-5.html,
2024-02-09,2024-6,65.91,42806,https://www.balticexchange.com/en/data-services/WeeklyRoundup/tanker/news/2024/tanker-report-week-6.html,
2024-02-16,2024-7,89.23,69784,https://www.balticexchange.com/en/data-services/WeeklyRoundup/tanker/news/2024/tanker-report-week-7.html,
2024-02-23,2024-8,67.86,44612,https://www.balticexchange.com/en/data-services/WeeklyRoundup/tanker/news/2024/tanker-report-week-8.html,
2024-03-01,2024-9,59.95,36270,https://www.balticexchange.com/en/data-services/WeeklyRoundup/tanker/news/2024/tanker-report-week-9.html,
2024-03-08,2024-10,71.5,48914,https://www.balticexchange.com/en/data-services/WeeklyRoundup/tanker/news/2024/tanker-report-week-10.html,
2024-03-15,2024-11,69.14,49737,https://www.balticexchange.com/en/data-services/WeeklyRoundup/tanker/news/2024/tanker-report-week-11.html,
2024-03-22,2024-12,71.5,49319,https://www.balticexchange.com/en/data-services/WeeklyRoundup/tanker/news/2024/tanker-report-week-12.html,
2024-04-05,2024-14,65.4,41729,https://www.balticexchange.com/en/data-services/WeeklyRoundup/tanker/news/2024/tanker-report-week-14.html,
2024-04-12,2024-15,61.95,38241,https://www.balticexchange.com/en/data-services/WeeklyRoundup/tanker/news/2024/tanker-report-week-15.html,
2024-04-19,2024-16,60,36000,https://www.balticexchange.com/en/data-services/WeeklyRoundup/tanker/news/2024/tanker-report-week-16.html,
2024-04-26,2024-17,60,35700,https://www.balticexchange.com/en/data-services/WeeklyRoundup/tanker/news/2024/tanker-report-week-17.html,
2024-05-03,2024-18,65.75,43301,https://www.balticexchange.com/en/data-services/WeeklyRoundup/tanker/news/2024/tanker-report-week-18.html,
2024-05-10,2024-19,72,50617,https://www.balticexchange.com/en/data-services/WeeklyRoundup/tanker/news/2024/tanker-report-week-19.html,
2024-05-17,2024-20,72.15,51163,https://www.balticexchange.com/en/data-services/WeeklyRoundup/tanker/news/2024/tanker-report-week-20.html,
2024-05-24,2024-21,68.48,47578,https://www.balticexchange.com/en/data-services/WeeklyRoundup/tanker/news/2024/tanker-report-week-21.html,
2024-05-31,2024-22,57.7,35305,https://www.balticexchange.com/en/data-services/WeeklyRoundup/tanker/news/2024/tanker-report-week-22.html,"Baltic typo $35.305 read as $35,305"
2024-06-07,2024-23,53.75,32300,https://www.balticexchange.com/en/data-services/WeeklyRoundup/tanker/news/2024/tanker-report-week-23.html,
2024-06-14,2024-24,51.1,28577,https://www.balticexchange.com/en/data-services/WeeklyRoundup/tanker/news/2024/tanker-report-week-24.html,
2024-06-21,2024-25,49.9,26482,https://www.balticexchange.com/en/data-services/WeeklyRoundup/tanker/news/2024/tanker-report-week-25.html,
2024-06-28,2024-26,49.7,26135,https://www.balticexchange.com/en/data-services/WeeklyRoundup/tanker/news/2024/tanker-report-week-26.html,
2024-07-05,2024-27,48.45,24266,https://www.balticexchange.com/en/data-services/WeeklyRoundup/tanker/news/2024/tanker-report-week-27.html,
2024-07-12,2024-28,46.53,22642,https://www.balticexchange.com/en/data-services/WeeklyRoundup/tanker/news/2024/tanker-report-week-28.html,
2024-07-19,2024-29,46.9,23262,https://www.balticexchange.com/en/data-services/WeeklyRoundup/tanker/news/2024/tanker-report-week-29.html,
2024-07-26,2024-30,58.8,36358,https://www.balticexchange.com/en/data-services/WeeklyRoundup/tanker/news/2024/tanker-report-week-30.html,
2024-08-02,2024-31,47,23656,https://www.balticexchange.com/en/data-services/WeeklyRoundup/tanker/news/2024/tanker-report-week-31.html,
2024-08-09,2024-32,45.43,22429,https://www.balticexchange.com/en/data-services/WeeklyRoundup/tanker/news/2024/tanker-report-week-32.html,
2024-08-16,2024-33,59.25,36999,https://www.balticexchange.com/en/data-services/WeeklyRoundup/tanker/news/2024/tanker-report-week-33.html,
2024-08-23,2024-34,52.95,30565,https://www.balticexchange.com/en/data-services/WeeklyRoundup/tanker/news/2024/tanker-report-week-34.html,
2024-08-30,2024-35,44.7,20733,https://www.balticexchange.com/en/data-services/WeeklyRoundup/tanker/news/2024/tanker-report-week-35.html,
2024-09-06,2024-36,47.5,24409,https://www.balticexchange.com/en/data-services/WeeklyRoundup/tanker/news/2024/tanker-report-week-36.html,
2024-09-13,2024-37,54.15,32754,https://www.balticexchange.com/en/data-services/WeeklyRoundup/tanker/news/2024/tanker-report-week-37.html,
2024-09-20,2024-38,60.05,39068,https://www.balticexchange.com/en/data-services/WeeklyRoundup/tanker/news/2024/tanker-report-week-38.html,
2024-09-27,2024-39,54.35,32152,https://www.balticexchange.com/en/data-services/WeeklyRoundup/tanker/news/2024/tanker-report-week-39.html,
2024-10-04,2024-40,57.8,36359,https://www.balticexchange.com/en/data-services/WeeklyRoundup/tanker/news/2024/tanker-report-week-40.html,
2024-10-11,2024-41,58,36206,https://www.balticexchange.com/en/data-services/WeeklyRoundup/tanker/news/2024/tanker-report-week-41.html,
2024-10-18,2024-42,56.6,34839,https://www.balticexchange.com/en/data-services/WeeklyRoundup/tanker/news/2024/tanker-report-week-42.html,
2024-10-25,2024-43,57,35100,https://www.balticexchange.com/en/data-services/WeeklyRoundup/tanker/news/2024/tanker-report-week-43.html,
2024-11-01,2024-44,52.85,31265,https://www.balticexchange.com/en/data-services/WeeklyRoundup/tanker/news/2024/tanker-report-week-44.html,
2024-11-08,2024-45,47.05,24373,https://www.balticexchange.com/en/data-services/WeeklyRoundup/tanker/news/2024/tanker-report-week-45.html,
2024-11-15,2024-46,54.1,32383,https://www.balticexchange.com/en/data-services/WeeklyRoundup/tanker/news/2024/tanker-report-week-46.html,
2024-11-22,2024-47,53.95,32721,https://www.balticexchange.com/en/data-services/WeeklyRoundup/tanker/news/2024/tanker-report-week-47.html,
2024-11-29,2024-48,45.35,23850,https://www.balticexchange.com/en/data-services/WeeklyRoundup/tanker/news/2024/tanker-report-week-48.html,
2024-12-06,2024-49,43.35,21967,https://www.balticexchange.com/en/data-services/WeeklyRoundup/tanker/news/2024/tanker-report-week-49.html,
2024-12-13,2024-50,39.65,18626,https://www.balticexchange.com/en/data-services/WeeklyRoundup/tanker/news/2024/tanker-report-week-50.html,
2024-12-20,2024-51,39,18700,https://www.balticexchange.com/en/data-services/WeeklyRoundup/tanker/news/2024/tanker-report-week-51.html,
2025-01-10,2025-2,47.05,24997,https://www.balticexchange.com/en/data-services/WeeklyRoundup/tanker/news/2025/tanker-report-week-2.html,
2025-01-17,2025-3,77.1,56891,https://www.balticexchange.com/en/data-services/WeeklyRoundup/tanker/news/2025/tanker-report-week-3.html,
2025-01-24,2025-4,54.15,31568,https://www.balticexchange.com/en/data-services/WeeklyRoundup/tanker/news/2025/tanker-report-week-4.html,
2025-01-31,2025-5,60.15,38212,https://www.balticexchange.com/en/data-services/WeeklyRoundup/tanker/news/2025/tanker-report-week-5.html,
2025-02-07,2025-6,67.6,47309,https://www.balticexchange.com/en/data-services/WeeklyRoundup/tanker/news/2025/tanker-report-week-6.html,
2025-02-14,2025-7,59.4,37525,https://www.balticexchange.com/en/data-services/WeeklyRoundup/tanker/news/2025/tanker-report-week-7.html,
2025-02-21,2025-8,64.94,44160,https://www.balticexchange.com/en/data-services/WeeklyRoundup/tanker/news/2025/tanker-report-week-8.html,
2025-02-28,2025-9,58.1,37997,https://www.balticexchange.com/en/data-services/WeeklyRoundup/tanker/news/2025/tanker-report-week-9.html,
2025-03-07,2025-10,57.1,38342,https://www.balticexchange.com/en/data-services/WeeklyRoundup/tanker/news/2025/tanker-report-week-10.html,
2025-03-14,2025-11,58.55,39305,https://www.balticexchange.com/en/data-services/WeeklyRoundup/tanker/news/2025/tanker-report-week-11.html,
2025-03-21,2025-12,58.75,51536,https://www.balticexchange.com/en/data-services/WeeklyRoundup/tanker/news/2025/tanker-report-week-12.html,as reported; TCE looks high vs adjacent weeks
2025-03-28,2025-13,58.95,39224,https://www.balticexchange.com/en/data-services/WeeklyRoundup/tanker/news/2025/tanker-report-week-13.html,
2025-04-04,2025-14,57.25,36465,https://www.balticexchange.com/en/data-services/WeeklyRoundup/tanker/news/2025/tanker-report-week-14.html,
2025-04-11,2025-15,54.1,36533,https://www.balticexchange.com/en/data-services/WeeklyRoundup/tanker/news/2025/tanker-report-week-15.html,
2025-04-25,2025-17,70.93,55010,https://www.balticexchange.com/en/data-services/WeeklyRoundup/tanker/news/2025/tanker-report-week-17.html,
2025-05-02,2025-18,67,51134,https://www.balticexchange.com/en/data-services/WeeklyRoundup/tanker/news/2025/tanker-report-week-18.html,
2025-05-09,2025-19,59.55,41547,https://www.balticexchange.com/en/data-services/WeeklyRoundup/tanker/news/2025/tanker-report-week-19.html,
2025-05-16,2025-20,64.35,45668,https://www.balticexchange.com/en/data-services/WeeklyRoundup/tanker/news/2025/tanker-report-week-20.html,
2025-05-23,2025-21,61.15,42278,https://www.balticexchange.com/en/data-services/WeeklyRoundup/tanker/news/2025/tanker-report-week-21.html,
2025-05-30,2025-22,52.1,32294,https://www.balticexchange.com/en/data-services/WeeklyRoundup/tanker/news/2025/tanker-report-week-22.html,
2025-06-06,2025-23,44.35,24332,https://www.balticexchange.com/en/data-services/WeeklyRoundup/tanker/news/2025/tanker-report-week-23.html,
2025-06-13,2025-24,43.6,22764,https://www.balticexchange.com/en/data-services/WeeklyRoundup/tanker/news/2025/tanker-report-week-24.html,
2025-06-20,2025-25,75.8,57758,https://www.balticexchange.com/en/data-services/WeeklyRoundup/tanker/news/2025/tanker-report-week-25.html,
2025-06-27,2025-26,55.5,35281,https://www.balticexchange.com/en/data-services/WeeklyRoundup/tanker/news/2025/tanker-report-week-26.html,
2025-07-04,2025-27,47.4,26512,https://www.balticexchange.com/en/data-services/WeeklyRoundup/tanker/news/2025/tanker-report-week-27.html,
2025-07-11,2025-28,49.4,28470,https://www.balticexchange.com/en/data-services/WeeklyRoundup/tanker/news/2025/tanker-report-week-28.html,
2025-07-18,2025-29,53.2,32978,https://www.balticexchange.com/en/data-services/WeeklyRoundup/tanker/news/2025/tanker-report-week-29.html,
2025-07-25,2025-30,46.15,25493,https://www.balticexchange.com/en/data-services/WeeklyRoundup/tanker/news/2025/tanker-report-week-30.html,
2025-08-01,2025-31,43.3,22048,https://www.balticexchange.com/en/data-services/WeeklyRoundup/tanker/news/2025/tanker-report-week-31.html,
2025-08-08,2025-32,56.65,37158,https://www.balticexchange.com/en/data-services/WeeklyRoundup/tanker/news/2025/tanker-report-week-32.html,
2025-08-15,2025-33,56,37300,https://www.balticexchange.com/en/data-services/WeeklyRoundup/tanker/news/2025/tanker-report-week-33.html,
2025-08-22,2025-34,67.05,50300,https://www.balticexchange.com/en/data-services/WeeklyRoundup/tanker/news/2025/tanker-report-week-34.html,
2025-08-29,2025-35,66.5,49034,https://www.balticexchange.com/en/data-services/WeeklyRoundup/tanker/news/2025/tanker-report-week-35.html,
2025-09-05,2025-36,70.22,53783,https://www.balticexchange.com/en/data-services/WeeklyRoundup/tanker/news/2025/tanker-report-week-36.html,
2025-09-12,2025-37,87,74338,https://www.balticexchange.com/en/data-services/WeeklyRoundup/tanker/news/2025/tanker-report-week-37.html,
2025-09-19,2025-38,105.33,95835,https://www.balticexchange.com/en/data-services/WeeklyRoundup/tanker/news/2025/tanker-report-week-38.html,
2025-09-26,2025-39,100,90000,https://www.balticexchange.com/en/data-services/WeeklyRoundup/tanker/news/2025/tanker-report-week-39.html,
2025-10-03,2025-40,81.89,68146,https://www.balticexchange.com/en/data-services/WeeklyRoundup/tanker/news/2025/tanker-report-week-40.html,
2025-10-10,2025-41,72.17,56800,https://www.balticexchange.com/en/data-services/WeeklyRoundup/tanker/news/2025/tanker-report-week-41.html,
2025-10-17,2025-42,94.72,85109,https://www.balticexchange.com/en/data-services/WeeklyRoundup/tanker/news/2025/tanker-report-week-42.html,
2025-10-24,2025-43,84.28,72678,https://www.balticexchange.com/en/data-services/WeeklyRoundup/tanker/news/2025/tanker-report-week-43.html,
2025-10-31,2025-44,127.83,123776,https://www.balticexchange.com/en/data-services/WeeklyRoundup/tanker/news/2025/tanker-report-week-44.html,
2025-11-07,2025-45,107,98773,https://www.balticexchange.com/en/data-services/WeeklyRoundup/tanker/news/2025/tanker-report-week-45.html,
2025-11-14,2025-46,129.28,125784,https://www.balticexchange.com/en/data-services/WeeklyRoundup/tanker/news/2025/tanker-report-week-46.html,
2025-11-21,2025-47,133.94,131252,https://www.balticexchange.com/en/data-services/WeeklyRoundup/tanker/news/2025/tanker-report-week-47.html,
2025-11-28,2025-48,136.06,138266,https://www.balticexchange.com/en/data-services/WeeklyRoundup/tanker/news/2025/tanker-report-week-48.html,
2025-12-05,2025-49,123.42,125613,https://www.balticexchange.com/en/data-services/WeeklyRoundup/tanker/news/2025/tanker-report-week-49.html,
2025-12-12,2025-50,125.78,122676,https://www.balticexchange.com/en/data-services/WeeklyRoundup/tanker/news/2025/tanker-report-week-50.html,
2025-12-19,2025-51,114.61,109837,https://www.balticexchange.com/en/data-services/WeeklyRoundup/tanker/news/2025/tanker-report-week-51.html,
2026-01-09,2026-2,74.17,55540,https://www.balticexchange.com/en/data-services/WeeklyRoundup/tanker/news/2026/tanker-report-week-2.html,
2026-01-16,2026-3,112.17,96338,https://www.balticexchange.com/en/data-services/WeeklyRoundup/tanker/news/2026/tanker-report-week-3.html,
2026-01-23,2026-4,126.5,112394,https://www.balticexchange.com/en/data-services/WeeklyRoundup/tanker/news/2026/tanker-report-week-4.html,
2026-01-30,2026-5,94.61,75807,https://www.balticexchange.com/en/data-services/WeeklyRoundup/tanker/news/2026/tanker-report-week-5.html,
2026-02-06,2026-6,137.17,122666,https://www.balticexchange.com/en/data-services/WeeklyRoundup/tanker/news/2026/tanker-report-week-6.html,recovered from full report text
2026-02-13,2026-7,132.78,117360,https://www.balticexchange.com/en/data-services/WeeklyRoundup/tanker/news/2026/tanker-report-week-7.html,
2026-02-20,2026-8,163.28,151208,https://www.balticexchange.com/en/data-services/WeeklyRoundup/tanker/news/2026/tanker-report-week-8.html,
2026-02-27,2026-9,216.89,209550,https://www.balticexchange.com/en/data-services/WeeklyRoundup/tanker/news/2026/tanker-report-week-9.html,
2026-03-06,2026-10,473.33,485959,https://www.balticexchange.com/en/data-services/WeeklyRoundup/tanker/news/2026/tanker-report-week-10.html,
2026-03-13,2026-11,348.89,326198,https://www.balticexchange.com/en/data-services/WeeklyRoundup/tanker/news/2026/tanker-report-week-11.html,
2026-03-20,2026-12,413.89,400928,https://www.balticexchange.com/en/data-services/WeeklyRoundup/tanker/news/2026/tanker-report-week-12.html,
2026-03-27,2026-13,400,356483,https://www.balticexchange.com/en/data-services/WeeklyRoundup/tanker/news/2026/tanker-report-week-13.html,
2026-04-10,2026-15,444,444200,https://www.balticexchange.com/en/data-services/WeeklyRoundup/tanker/news/2026/tanker-report-week-15.html,
2026-04-17,2026-16,448.22,474000,https://www.balticexchange.com/en/data-services/WeeklyRoundup/tanker/news/2026/tanker-report-week-16.html,
2026-04-24,2026-17,459.28,467408,https://www.balticexchange.com/en/data-services/WeeklyRoundup/tanker/news/2026/tanker-report-week-17.html,
2026-05-01,2026-18,408.13,407437,https://www.balticexchange.com/en/data-services/WeeklyRoundup/tanker/news/2026/tanker-report-week-18.html,
2026-05-08,2026-19,458.75,462102,https://www.balticexchange.com/en/data-services/WeeklyRoundup/tanker/news/2026/tanker-report-week-19.html,
2026-05-15,2026-20,447.5,448502,https://www.balticexchange.com/en/data-services/WeeklyRoundup/tanker/news/2026/tanker-report-week-20.html,
2026-05-22,2026-21,402.5,397753,https://www.balticexchange.com/en/data-services/WeeklyRoundup/tanker/news/2026/tanker-report-week-21.html,
2026-05-29,2026-22,391.88,389536,https://www.balticexchange.com/en/data-services/WeeklyRoundup/tanker/news/2026/tanker-report-week-22.html,
2026-06-05,2026-23,402.5,400700,https://www.balticexchange.com/en/data-services/WeeklyRoundup/tanker/news/2026/tanker-report-week-23.html,
2026-06-12,2026-24,401.94,402500,https://www.balticexchange.com/en/data-services/WeeklyRoundup/tanker/news/2026/tanker-report-week-24.html,
2026-06-19,2026-25,450.56,461000,https://www.balticexchange.com/en/data-services/WeeklyRoundup/tanker/news/2026/tanker-report-week-25.html,
2026-06-26,2026-26,318.89,313000,https://www.balticexchange.com/en/data-services/WeeklyRoundup/tanker/news/2026/tanker-report-week-26.html,
2026-07-03,2026-27,293.89,286500,https://www.balticexchange.com/en/data-services/WeeklyRoundup/tanker/news/2026/tanker-report-week-27.html,
2026-07-10,2026-28,345,344250,https://www.balticexchange.com/en/data-services/WeeklyRoundup/tanker/news/2026/tanker-report-week-28.html,
2026-07-17,2026-29,372,368900,https://www.balticexchange.com/en/data-services/WeeklyRoundup/tanker/news/2026/tanker-report-week-29.html,
2026-07-24,2026-30,386.78,382397,https://www.balticexchange.com/en/data-services/WeeklyRoundup/tanker/news/2026/tanker-report-week-30.html,
2026-07-31,2026-31,424.33,423434,https://www.balticexchange.com/en/data-services/WeeklyRoundup/tanker/news/2026/tanker-report-week-31.html,
2026-08-07,2026-32,475.56,481286,https://www.balticexchange.com/en/data-services/WeeklyRoundup/tanker/news/2026/tanker-report-week-32.html,
2026-08-14,2026-33,482,490000,https://www.balticexchange.com/en/data-services/WeeklyRoundup/tanker/news/2026/tanker-report-week-33.html,"WS derived from week 34 report (WS570 = +88 pts); TCE interpolated, not reported"
2026-08-21,2026-34,570,585000,https://www.balticexchange.com/en/data-services/WeeklyRoundup/tanker/news/2026/tanker-report-week-34.html,
2026-08-28,2026-35,623,647000,https://www.balticexchange.com/en/data-services/WeeklyRoundup/tanker/news/2026/tanker-report-week-35.html,
2026-09-04,2026-36,677.22,704000,https://www.balticexchange.com/en/data-services/WeeklyRoundup/tanker/news/2026/tanker-report-week-36.html,
2026-09-11,2026-37,821.11,862150,https://www.balticexchange.com/en/data-services/WeeklyRoundup/tanker/news/2026/tanker-report-week-37.html,
2026-09-18,2026-38,1140,1212503,https://www.balticexchange.com/en/data-services/WeeklyRoundup/tanker/news/2026/tanker-report-week-38.html,from the week 38 report via r.jina.ai; report says WS929.44 on Friday Sep 11 vs WS821.11 quoted for Thursday in the week 37 report
2026-09-25,2026-39,1157.5,1235414,https://www.balticexchange.com/en/data-services/WeeklyRoundup/tanker/news/2026/tanker-report-week-39.html,
