date,brent_spot_eia,wti_spot_eia,wti_fut1_eia,brent_fut1_yahoo,wti_fut1_yahoo
2018-01-01,,,60.42,,
2018-01-02,66.65,60.37,60.37,66.57,60.37
2018-01-03,67.85,61.61,61.63,67.84,61.63
2018-01-04,68.73,61.98,62.01,68.07,62.01
2018-01-05,68.01,61.49,61.44,67.62,61.44
2018-01-08,68.48,61.73,61.73,67.78,61.73
2018-01-09,69.08,62.92,62.96,68.82,62.96
2018-01-10,69.79,63.6,63.57,69.2,63.57
2018-01-11,70.36,63.81,63.8,69.26,63.8
2018-01-12,69.64,64.22,64.3,69.87,64.3
2018-01-15,70.31,,64.3,,
2018-01-16,69.4,63.82,63.73,69.15,63.73
2018-01-17,69.19,63.92,63.97,69.38,63.97
2018-01-18,69.48,63.96,63.95,69.31,63.95
2018-01-19,68.56,63.38,63.37,68.61,63.37
2018-01-22,69.32,63.66,63.49,69.03,63.49
2018-01-23,69.81,64.45,64.47,69.96,64.47
2018-01-24,69.91,65.69,65.61,70.53,65.61
2018-01-25,71.08,65.62,65.51,70.42,65.51
2018-01-26,70.08,66.27,66.14,70.52,66.14
2018-01-29,68.41,65.71,65.56,69.46,65.56
2018-01-30,67.78,64.64,64.5,69.02,64.5
2018-01-31,67.78,64.82,64.73,69.05,64.73
2018-02-01,68.6,65.92,65.8,69.08,65.8
2018-02-02,67.45,65.5,65.45,68.58,65.45
2018-02-05,67.69,64.18,64.15,67.62,64.15
2018-02-06,66.75,63.48,63.39,66.86,63.39
2018-02-07,65.74,61.91,61.79,65.51,61.79
2018-02-08,64.26,61.3,61.15,64.81,61.15
2018-02-09,63.04,59.2,59.2,62.79,59.2
2018-02-12,62.2,59.41,59.29,62.59,59.29
2018-02-13,61.94,59.33,59.19,62.72,59.19
2018-02-14,62.29,60.7,60.6,64.36,60.6
2018-02-15,62.86,61.48,61.34,64.33,61.34
2018-02-16,64.3,61.89,61.68,64.84,61.68
2018-02-19,64.95,,61.68,,
2018-02-20,64.68,61.91,61.9,65.25,61.9
2018-02-21,64.81,61.73,61.68,65.42,61.68
2018-02-22,66.12,62.72,62.77,66.39,62.77
2018-02-23,67.04,63.52,63.55,67.31,63.55
2018-02-26,67.96,63.81,63.91,67.5,63.91
2018-02-27,67.59,62.94,63.01,66.63,63.01
2018-02-28,66.08,61.43,61.64,65.78,61.64
2018-03-01,64.23,60.98,60.99,65.71,60.99
2018-03-02,64.26,61.19,61.25,64.37,61.25
2018-03-05,65.78,62.49,62.57,65.54,62.57
2018-03-06,65.67,62.54,62.6,65.79,62.6
2018-03-07,65.09,61.09,61.15,64.34,61.15
2018-03-08,63.87,60.13,60.12,63.61,60.12
2018-03-09,65.19,62.02,62.04,65.49,62.04
2018-03-12,64.53,61.35,61.36,64.95,61.36
2018-03-13,64.2,60.69,60.71,64.64,60.71
2018-03-14,63.61,60.89,60.96,64.89,60.96
2018-03-15,63.67,61.16,61.19,65.12,61.19
2018-03-16,64.68,62.29,62.34,66.21,62.34
2018-03-19,64.82,62.01,62.06,66.05,62.06
2018-03-20,66.0,63.37,63.4,67.42,63.4
2018-03-21,68.15,65.1,65.17,69.47,65.17
2018-03-22,68.98,64.25,64.3,68.91,64.3
2018-03-23,69.03,65.8,65.88,70.45,65.88
2018-03-26,68.81,65.49,65.55,70.12,65.55
2018-03-27,68.63,65.21,65.25,70.11,65.25
2018-03-28,68.13,64.3,64.38,69.53,64.38
2018-03-29,69.02,64.87,64.94,70.27,64.94
2018-03-30,,,64.94,,
2018-04-02,69.02,63.05,63.01,67.64,63.01
2018-04-03,69.02,63.41,63.51,68.12,63.51
2018-04-04,66.04,63.35,63.37,68.02,63.37
2018-04-05,66.54,63.53,63.54,68.33,63.54
2018-04-06,66.51,62.03,62.06,67.11,62.06
2018-04-09,68.19,63.4,63.42,68.65,63.42
2018-04-10,70.67,65.48,65.51,71.04,65.51
2018-04-11,72.74,66.81,66.82,72.06,66.82
2018-04-12,71.44,67.07,67.07,72.02,67.07
2018-04-13,73.18,67.35,67.39,72.58,67.39
2018-04-16,73.18,66.23,66.22,71.42,66.22
2018-04-17,71.71,66.5,66.52,71.58,66.52
2018-04-18,73.73,68.44,68.47,73.48,68.47
2018-04-19,74.85,68.3,68.29,73.78,68.29
2018-04-20,74.62,68.26,68.38,74.06,68.38
2018-04-23,74.54,67.61,68.64,74.71,68.64
2018-04-24,75.86,67.66,67.7,73.86,67.7
2018-04-25,73.79,68.0,68.05,74.0,68.05
2018-04-26,75.39,68.18,68.19,74.74,68.19
2018-04-27,75.33,68.11,68.1,74.64,68.1
2018-04-30,75.92,68.56,68.57,75.17,68.57
2018-05-01,74.85,67.28,67.25,75.17,67.25
2018-05-02,73.14,67.91,67.93,73.36,67.93
2018-05-03,73.45,68.45,68.43,73.62,68.43
2018-05-04,74.75,69.71,69.72,74.87,69.72
2018-05-07,74.75,70.74,70.73,76.17,70.73
2018-05-08,74.16,68.83,69.06,74.85,69.06
2018-05-09,77.6,71.16,71.14,77.21,71.14
2018-05-10,77.59,71.36,71.36,77.47,71.36
2018-05-11,77.37,70.69,70.7,77.12,70.7
2018-05-14,78.17,71.01,70.96,78.23,70.96
2018-05-15,78.94,71.34,71.31,78.43,71.31
2018-05-16,78.19,71.43,71.49,79.28,71.49
2018-05-17,80.09,71.47,71.49,79.3,71.49
2018-05-18,78.38,71.23,71.28,78.51,71.28
2018-05-21,78.34,72.26,72.24,79.22,72.24
2018-05-22,80.42,72.09,72.13,79.57,72.13
2018-05-23,78.69,71.85,71.84,79.8,71.84
2018-05-24,78.9,70.77,70.71,78.79,70.71
2018-05-25,76.6,67.92,67.88,76.44,67.88
2018-05-28,,,67.88,,
2018-05-29,74.51,66.8,66.73,75.39,66.73
2018-05-30,75.89,68.24,68.21,77.5,68.21
2018-05-31,76.45,66.98,67.04,77.59,67.04
2018-06-01,74.54,65.81,65.81,77.59,65.81
2018-06-04,73.41,64.76,64.75,75.29,64.75
2018-06-05,72.91,65.51,65.52,75.38,65.52
2018-06-06,73.23,64.75,64.73,75.36,64.73
2018-06-07,75.23,65.96,65.95,77.32,65.95
2018-06-08,75.11,65.77,65.74,76.46,65.74
2018-06-11,74.58,66.1,66.1,76.46,66.1
2018-06-12,74.86,66.38,66.36,75.88,66.36
2018-06-13,75.07,66.63,66.64,76.74,66.64
2018-06-14,74.77,66.91,66.89,75.94,66.89
2018-06-15,72.02,65.01,65.06,73.44,65.06
2018-06-18,74.87,65.91,65.85,75.34,65.85
2018-06-19,74.92,65.09,65.07,75.08,65.07
2018-06-20,74.25,65.92,66.22,74.74,66.22
2018-06-21,72.87,65.68,65.54,73.05,65.54
2018-06-22,73.67,69.02,68.58,75.55,68.58
2018-06-25,72.82,69.91,68.08,74.73,68.08
2018-06-26,73.58,75.23,70.53,76.31,70.53
2018-06-27,76.09,77.41,72.76,77.62,72.76
2018-06-28,76.26,73.45,73.45,77.85,73.45
2018-06-29,77.44,74.13,74.15,79.44,74.15
2018-07-02,76.71,73.89,73.94,77.3,73.94
2018-07-03,75.87,74.19,74.14,77.76,74.14
2018-07-04,76.99,,74.14,,
2018-07-05,77.09,73.05,72.94,77.39,72.94
2018-07-06,74.98,73.78,73.8,77.11,73.8
2018-07-09,77.08,73.93,73.85,78.07,73.85
2018-07-10,77.8,74.11,74.11,78.86,74.11
2018-07-11,75.35,70.47,70.38,73.4,70.38
2018-07-12,72.11,70.28,70.33,74.45,70.33
2018-07-13,74.11,71.03,71.01,75.33,71.01
2018-07-16,71.03,68.22,68.06,71.84,68.06
2018-07-17,70.87,68.03,68.08,72.16,68.08
2018-07-18,70.52,68.78,68.76,72.9,68.76
2018-07-19,71.94,69.42,69.46,72.58,69.46
2018-07-20,71.99,70.31,70.46,73.07,70.46
2018-07-23,73.45,67.9,67.89,73.06,67.89
2018-07-24,73.53,70.77,68.52,73.44,68.52
2018-07-25,73.67,71.13,69.3,73.93,69.3
2018-07-26,74.51,71.59,69.61,74.54,69.61
2018-07-27,74.84,68.66,68.69,74.29,68.69
2018-07-30,74.99,71.19,70.13,74.97,70.13
2018-07-31,74.16,69.88,68.76,74.25,68.76
2018-08-01,72.28,68.8,67.66,74.25,67.66
2018-08-02,72.95,68.95,68.96,73.45,68.96
2018-08-03,72.48,68.49,68.49,73.21,68.49
2018-08-06,72.51,69.01,69.01,73.75,69.01
2018-08-07,72.31,69.17,69.17,74.65,69.17
2018-08-08,70.71,66.92,66.94,72.28,66.94
2018-08-09,70.55,66.81,66.81,72.07,66.81
2018-08-10,71.0,67.61,67.63,72.81,67.63
2018-08-13,70.62,67.25,67.2,72.61,67.2
2018-08-14,70.77,67.04,67.04,72.46,67.04
2018-08-15,68.38,65.07,65.01,70.76,65.01
2018-08-16,69.21,65.44,65.46,71.43,65.46
2018-08-17,70.14,65.93,65.91,71.83,65.91
2018-08-20,71.11,66.5,66.43,72.21,66.43
2018-08-21,71.65,67.32,67.35,72.63,67.35
2018-08-22,72.96,67.85,67.86,74.78,67.86
2018-08-23,73.73,69.13,67.83,74.73,67.83
2018-08-24,74.41,69.71,68.72,75.82,68.72
2018-08-27,74.41,69.97,68.87,76.21,68.87
2018-08-28,75.91,68.54,68.53,75.95,68.53
2018-08-29,76.07,69.68,69.51,77.14,69.51
2018-08-30,77.05,70.25,70.25,77.77,70.25
2018-08-31,76.94,69.84,69.8,77.42,69.8
2018-09-03,77.81,,69.8,,
2018-09-04,77.51,69.82,69.87,78.17,69.87
2018-09-05,76.68,68.69,68.72,77.27,68.72
2018-09-06,75.67,67.81,67.77,76.5,67.77
2018-09-07,75.55,67.73,67.75,76.83,67.75
2018-09-10,76.77,67.55,67.54,77.37,67.54
2018-09-11,78.22,69.29,69.25,79.06,69.25
2018-09-12,80.02,70.37,70.37,79.74,70.37
2018-09-13,77.66,68.6,68.59,78.18,68.59
2018-09-14,77.87,68.98,68.99,78.09,68.99
2018-09-17,78.22,68.86,68.91,78.05,68.91
2018-09-18,79.25,69.87,69.85,79.03,69.85
2018-09-19,79.43,71.08,71.12,79.4,71.12
2018-09-20,79.03,70.77,70.8,78.7,70.8
2018-09-21,78.9,70.8,70.78,78.8,70.78
2018-09-24,80.89,73.23,72.08,81.2,72.08
2018-09-25,82.21,73.4,72.28,81.87,72.28
2018-09-26,81.87,72.22,71.57,81.34,71.57
2018-09-27,81.54,72.18,72.12,81.72,72.12
2018-09-28,82.72,73.16,73.25,82.72,73.25
2018-10-01,84.94,75.37,75.3,84.98,75.3
2018-10-02,85.63,75.16,75.23,84.8,75.23
2018-10-03,85.45,76.4,76.41,86.29,76.41
2018-10-04,86.07,74.44,74.33,84.58,74.33
2018-10-05,85.12,74.26,74.34,84.16,74.34
2018-10-08,84.22,74.27,74.29,83.91,74.29
2018-10-09,85.16,74.95,74.96,85.0,74.96
2018-10-10,83.82,73.18,73.17,83.09,73.17
2018-10-11,81.35,70.97,70.97,80.26,70.97
2018-10-12,80.71,71.41,71.34,80.43,71.34
2018-10-15,80.91,71.84,71.78,80.78,71.78
2018-10-16,80.53,71.93,71.92,81.41,71.92
2018-10-17,79.91,69.63,69.75,80.05,69.75
2018-10-18,80.3,68.63,68.65,79.29,68.65
2018-10-19,80.38,69.16,69.12,79.78,69.12
2018-10-22,80.45,69.25,69.17,79.83,69.17
2018-10-23,78.67,66.49,66.43,76.44,66.43
2018-10-24,77.34,66.56,66.82,76.17,66.82
2018-10-25,77.3,67.25,67.33,76.89,67.33
2018-10-26,77.4,67.58,67.59,77.62,67.59
2018-10-29,77.56,67.0,67.04,77.34,67.04
2018-10-30,75.68,66.18,66.18,75.91,66.18
2018-10-31,74.84,65.31,65.31,75.47,65.31
2018-11-01,71.25,63.67,63.69,75.5,63.69
2018-11-02,71.11,63.12,63.14,72.83,63.14
2018-11-05,72.68,63.12,63.1,73.17,63.1
2018-11-06,70.64,62.16,62.21,72.13,62.21
2018-11-07,70.1,61.69,61.67,72.07,61.67
2018-11-08,69.29,60.71,60.67,70.65,60.67
2018-11-09,69.01,60.19,60.19,70.18,60.19
2018-11-12,69.81,59.85,59.93,70.12,59.93
2018-11-13,65.45,55.63,55.69,65.47,55.69
2018-11-14,64.88,56.16,56.25,66.12,56.25
2018-11-15,65.61,56.45,56.46,66.62,56.46
2018-11-16,65.29,56.49,56.46,66.76,56.46
2018-11-19,64.14,57.16,56.76,66.79,56.76
2018-11-20,61.5,53.39,53.43,62.53,53.43
2018-11-21,61.65,54.41,54.63,63.48,54.63
2018-11-22,61.11,,54.63,,
2018-11-23,57.69,,50.42,58.8,50.42
2018-11-26,59.7,51.46,51.63,60.48,51.63
2018-11-27,59.58,51.31,51.56,60.21,51.56
2018-11-28,57.97,50.06,50.29,58.76,50.29
2018-11-29,58.29,51.46,51.45,59.51,51.45
2018-11-30,57.71,50.78,50.93,58.71,50.93
2018-12-03,60.17,52.98,52.95,61.69,52.95
2018-12-04,61.22,53.21,53.25,62.08,53.25
2018-12-05,61.4,52.64,52.89,,
2018-12-06,57.83,51.54,51.49,60.06,51.49
2018-12-07,61.71,52.76,52.61,61.67,52.61
2018-12-10,60.29,51.07,51.0,59.97,51.0
2018-12-11,59.73,51.65,51.65,60.2,51.65
2018-12-12,59.94,51.04,51.15,60.15,51.15
2018-12-13,59.03,52.69,52.58,61.45,52.58
2018-12-14,58.56,51.26,51.2,60.28,51.2
2018-12-17,57.59,49.8,49.88,59.61,49.88
2018-12-18,55.26,46.12,46.24,56.26,46.24
2018-12-19,55.6,47.96,47.2,57.24,47.2
2018-12-20,52.84,45.64,45.88,54.35,45.88
2018-12-21,51.93,45.38,45.59,53.82,45.59
2018-12-24,,,42.53,50.47,42.53
2018-12-25,,,42.53,,
2018-12-26,,46.04,46.22,54.47,46.22
2018-12-27,51.49,44.48,44.61,52.16,44.61
2018-12-28,50.57,45.15,45.33,52.2,45.33
2018-12-31,,,45.41,53.8,45.41
2019-01-01,,,45.41,,
2019-01-02,54.06,46.31,46.54,54.91,46.54
2019-01-03,53.23,46.92,47.09,55.95,47.09
2019-01-04,55.64,47.76,47.96,57.06,47.96
2019-01-07,57.1,48.27,48.52,57.33,48.52
2019-01-08,56.91,49.58,49.78,58.72,49.78
2019-01-09,59.46,52.19,52.36,61.44,52.36
2019-01-10,60.47,52.42,52.59,61.68,52.59
2019-01-11,59.24,51.44,51.59,60.48,51.59
2019-01-14,58.8,50.31,50.51,58.99,50.51
2019-01-15,58.65,51.8,52.11,60.64,52.11
2019-01-16,59.81,52.08,52.31,61.32,52.31
2019-01-17,59.85,51.83,52.07,61.18,52.07
2019-01-18,62.04,53.6,53.8,62.7,53.8
2019-01-21,62.18,51.83,53.8,,
2019-01-22,60.9,52.59,52.57,61.5,52.57
2019-01-23,61.05,52.44,52.62,61.14,52.62
2019-01-24,61.09,52.94,53.13,61.09,53.13
2019-01-25,61.49,53.53,53.69,61.64,53.69
2019-01-28,59.71,51.79,51.99,59.93,51.99
2019-01-29,60.98,53.07,53.31,61.32,53.31
2019-01-30,61.89,54.18,54.23,61.65,54.23
2019-01-31,62.46,53.84,53.79,61.89,53.79
2019-02-01,61.86,55.29,55.26,61.87,55.26
2019-02-04,62.26,54.57,54.56,62.51,54.56
2019-02-05,61.67,53.69,53.66,61.98,53.66
2019-02-06,62.22,53.94,54.01,62.69,54.01
2019-02-07,61.01,52.68,52.64,61.63,52.64
2019-02-08,61.37,52.75,52.72,62.1,52.72
2019-02-11,61.3,52.43,52.41,61.51,52.41
2019-02-12,62.58,53.14,53.1,62.42,53.1
2019-02-13,63.27,53.84,53.9,63.61,53.9
2019-02-14,64.0,54.4,54.41,64.57,54.41
2019-02-15,65.65,55.58,55.59,66.25,55.59
2019-02-18,66.41,55.58,55.59,,
2019-02-19,65.86,56.12,56.09,66.45,56.09
2019-02-20,66.82,56.9,56.92,67.08,56.92
2019-02-21,66.91,56.95,56.96,67.07,56.96
2019-02-22,66.91,57.01,57.26,67.12,57.26
2019-02-25,64.02,55.32,55.48,64.76,55.48
2019-02-26,64.51,55.4,55.5,65.21,55.5
2019-02-27,65.55,56.92,56.94,66.39,56.94
2019-02-28,65.03,57.21,57.22,66.03,57.22
2019-03-01,63.71,55.76,55.8,65.07,55.8
2019-03-04,64.44,56.6,56.59,65.67,56.59
2019-03-05,64.24,56.55,56.56,65.86,56.56
2019-03-06,64.51,56.22,56.22,65.99,56.22
2019-03-07,64.82,56.6,56.66,66.3,56.66
2019-03-08,65.66,55.77,56.07,65.74,56.07
2019-03-11,65.06,56.79,56.79,66.58,56.79
2019-03-12,65.33,56.89,56.87,66.67,56.87
2019-03-13,65.89,58.27,58.26,67.55,58.26
2019-03-14,66.18,58.59,58.61,67.23,58.61
2019-03-15,66.11,58.51,58.52,67.16,58.52
2019-03-18,66.65,59.09,59.09,67.54,59.09
2019-03-19,67.13,59.12,59.03,67.61,59.03
2019-03-20,68.35,60.12,59.83,68.5,59.83
2019-03-21,68.3,59.98,59.98,67.86,59.98
2019-03-22,66.29,58.87,59.04,67.03,59.04
2019-03-25,67.37,58.71,58.82,67.21,58.82
2019-03-26,67.51,59.87,59.94,67.97,59.94
2019-03-27,67.35,59.39,59.41,67.83,59.41
2019-03-28,66.08,59.29,59.3,67.82,59.3
2019-03-29,67.93,60.19,60.14,68.39,60.14
2019-04-01,69.08,61.59,61.59,69.01,61.59
2019-04-02,69.68,62.53,62.58,69.37,62.58
2019-04-03,69.21,62.46,62.46,69.31,62.46
2019-04-04,69.8,62.12,62.1,69.4,62.1
2019-04-05,69.93,63.1,63.08,70.34,63.08
2019-04-08,71.12,64.37,64.4,71.1,64.4
2019-04-09,71.02,64.05,63.98,70.61,63.98
2019-04-10,71.63,64.62,64.61,71.73,64.61
2019-04-11,71.3,63.61,63.58,70.83,63.58
2019-04-12,71.57,63.86,63.89,71.55,63.89
2019-04-15,70.9,63.43,63.4,71.18,63.4
2019-04-16,70.74,64.01,64.05,71.72,64.05
2019-04-17,71.14,63.74,63.76,71.62,63.76
2019-04-18,70.71,64.02,64.0,71.97,64.0
2019-04-19,,,64.0,,
2019-04-22,70.71,65.66,65.7,74.04,65.7
2019-04-23,74.39,66.24,66.3,74.51,66.3
2019-04-24,73.59,65.96,65.89,74.57,65.89
2019-04-25,74.94,65.23,65.21,74.35,65.21
2019-04-26,71.03,63.29,63.3,72.15,63.3
2019-04-29,71.22,63.39,63.5,72.04,63.5
2019-04-30,72.19,63.83,63.91,72.8,63.91
2019-05-01,72.01,63.55,63.6,72.18,63.6
2019-05-02,70.56,61.75,61.81,70.75,61.81
2019-05-03,71.95,61.98,61.94,70.85,61.94
2019-05-06,71.95,62.3,62.25,71.24,62.25
2019-05-07,70.98,61.41,61.4,69.88,61.4
2019-05-08,71.09,62.13,62.12,70.37,62.12
2019-05-09,70.61,61.58,61.7,70.39,61.7
2019-05-10,71.63,61.65,61.66,70.62,61.66
2019-05-13,72.35,60.97,61.04,70.23,61.04
2019-05-14,72.53,61.82,61.78,71.24,61.78
2019-05-15,73.09,62.03,62.02,71.77,62.02
2019-05-16,74.7,62.93,62.87,72.62,62.87
2019-05-17,73.94,62.77,62.76,72.21,62.76
2019-05-20,73.21,63.12,63.1,71.97,63.1
2019-05-21,72.94,63.02,62.99,72.18,62.99
2019-05-22,71.94,61.42,61.42,70.99,61.42
2019-05-23,68.37,57.65,57.91,67.76,57.91
2019-05-24,67.98,58.4,58.63,68.69,58.63
2019-05-27,67.98,58.4,58.63,,
2019-05-28,70.19,58.91,59.14,70.11,59.14
2019-05-29,70.64,58.84,58.81,69.45,58.81
2019-05-30,69.55,56.47,56.59,66.87,56.59
2019-05-31,66.78,53.49,53.5,64.49,53.5
2019-06-03,63.16,53.25,53.25,61.28,53.25
2019-06-04,63.56,53.5,53.48,61.97,53.48
2019-06-05,62.14,51.57,51.68,60.63,51.68
2019-06-06,62.77,52.59,52.59,61.67,52.59
2019-06-07,64.1,53.95,53.99,63.29,53.99
2019-06-10,64.31,53.33,53.26,62.29,53.26
2019-06-11,63.56,53.3,53.27,62.29,53.27
2019-06-12,61.66,51.13,51.14,59.97,51.14
2019-06-13,63.28,52.38,52.28,61.31,52.28
2019-06-14,63.13,52.47,52.51,62.01,52.51
2019-06-17,62.56,51.94,51.93,60.94,51.93
2019-06-18,63.35,53.86,53.9,62.14,53.9
2019-06-19,62.85,53.74,53.76,61.82,53.76
2019-06-20,65.44,56.88,56.65,64.45,56.65
2019-06-21,65.99,57.35,57.43,65.2,57.43
2019-06-24,65.16,57.73,57.9,64.86,57.9
2019-06-25,66.24,57.63,57.83,65.05,57.83
2019-06-26,66.85,59.17,59.38,66.49,59.38
2019-06-27,66.78,59.18,59.43,66.55,59.43
2019-06-28,67.52,58.2,58.47,66.55,58.47
2019-07-01,65.1,58.91,59.09,65.06,59.09
2019-07-02,62.72,56.0,56.25,62.4,56.25
2019-07-03,63.53,57.06,57.34,63.82,57.34
2019-07-04,63.62,,57.34,,
2019-07-05,64.23,,57.51,64.23,57.51
2019-07-08,64.89,57.35,57.66,64.11,57.66
2019-07-09,64.3,57.57,57.83,64.16,57.83
2019-07-10,66.41,60.28,60.43,67.01,60.43
2019-07-11,67.64,59.93,60.2,66.52,60.2
2019-07-12,66.65,59.99,60.21,66.72,60.21
2019-07-15,66.86,59.3,59.58,66.48,59.58
2019-07-16,65.87,57.44,57.62,64.35,57.62
2019-07-17,63.67,56.5,56.78,63.66,56.78
2019-07-18,60.7,55.08,55.3,61.93,55.3
2019-07-19,61.04,55.42,55.63,62.47,55.63
2019-07-22,61.96,55.87,56.22,63.26,56.22
2019-07-23,62.28,56.58,56.77,63.83,56.77
2019-07-24,63.83,55.9,55.88,63.18,55.88
2019-07-25,63.47,55.88,56.02,63.39,56.02
2019-07-26,62.46,56.04,56.2,63.46,56.2
2019-07-29,62.29,56.85,56.87,63.71,56.87
2019-07-30,62.55,58.04,58.05,64.72,58.05
2019-07-31,64.07,58.53,58.58,65.17,58.58
2019-08-01,62.9,53.64,53.95,60.5,53.95
2019-08-02,61.12,55.67,55.66,61.89,55.66
2019-08-05,59.32,54.63,54.69,59.81,54.69
2019-08-06,58.63,53.6,53.63,58.94,53.63
2019-08-07,55.03,51.14,51.09,56.23,51.09
2019-08-08,56.29,52.6,52.54,57.38,52.54
2019-08-09,57.37,54.41,54.5,58.53,54.5
2019-08-12,57.13,54.98,54.93,58.57,54.93
2019-08-13,59.9,57.05,57.1,61.3,57.1
2019-08-14,57.86,55.16,55.23,59.48,55.23
2019-08-15,57.37,54.51,54.47,58.23,54.47
2019-08-16,59.0,54.83,54.87,58.64,54.87
2019-08-19,59.79,56.24,56.21,59.74,56.21
2019-08-20,59.03,56.18,56.34,60.03,56.34
2019-08-21,60.6,55.65,55.68,60.3,55.68
2019-08-22,59.81,55.33,55.35,59.92,55.35
2019-08-23,58.64,54.08,54.17,59.34,54.17
2019-08-26,58.64,53.54,53.64,58.7,53.64
2019-08-27,58.44,54.99,54.93,59.51,54.93
2019-08-28,60.42,55.76,55.78,60.49,55.78
2019-08-29,60.59,56.67,56.71,61.08,56.71
2019-08-30,61.04,55.07,55.1,60.43,55.1
2019-09-02,58.55,55.07,55.1,,
2019-09-03,57.93,53.91,53.94,58.26,53.94
2019-09-04,60.68,56.22,56.26,60.7,56.26
2019-09-05,62.7,56.33,56.3,60.95,56.3
2019-09-06,61.28,56.45,56.52,61.54,56.52
2019-09-09,63.99,57.88,57.85,62.59,57.85
2019-09-10,64.67,57.37,57.4,62.38,57.4
2019-09-11,63.02,55.66,55.75,60.81,55.75
2019-09-12,60.76,55.13,55.09,60.38,55.09
2019-09-13,61.25,54.76,54.85,60.22,54.85
2019-09-16,68.42,63.1,62.9,69.02,62.9
2019-09-17,65.59,59.26,59.34,64.55,59.34
2019-09-18,64.29,58.19,58.11,63.6,58.11
2019-09-19,64.25,58.19,58.13,64.4,58.13
2019-09-20,65.23,57.92,58.09,64.28,58.09
2019-09-23,64.66,58.69,58.64,64.77,58.64
2019-09-24,64.13,57.22,57.29,63.1,57.29
2019-09-25,62.41,56.38,56.49,62.39,56.49
2019-09-26,62.08,56.24,56.41,62.74,56.41
2019-09-27,62.48,55.95,55.91,61.91,55.91
2019-09-30,60.99,54.09,54.07,60.78,54.07
2019-10-01,60.06,53.6,53.62,58.89,53.62
2019-10-02,57.92,52.67,52.64,57.69,52.64
2019-10-03,58.01,52.41,52.45,57.71,52.45
2019-10-04,59.13,52.84,52.81,58.37,52.81
2019-10-07,59.46,52.76,52.75,58.35,52.75
2019-10-08,58.14,52.64,52.63,58.24,52.63
2019-10-09,59.7,52.63,52.59,58.32,52.59
2019-10-10,59.08,53.57,53.55,59.1,53.55
2019-10-11,60.59,54.76,54.7,60.51,54.7
2019-10-14,58.81,53.57,53.59,59.35,53.59
2019-10-15,59.19,52.81,52.81,58.74,52.81
2019-10-16,59.3,53.42,53.36,59.42,53.36
2019-10-17,59.35,53.89,53.93,59.91,53.93
2019-10-18,59.96,53.75,53.78,59.42,53.78
2019-10-21,58.95,53.28,53.31,58.96,53.31
2019-10-22,60.5,54.21,54.16,59.7,54.16
2019-10-23,60.52,55.9,55.97,61.17,55.97
2019-10-24,61.71,56.11,56.23,61.67,56.23
2019-10-25,62.06,56.52,56.66,62.02,56.66
2019-10-28,60.39,55.6,55.81,61.57,55.81
2019-10-29,61.05,55.34,55.54,61.59,55.54
2019-10-30,60.22,54.85,55.06,60.61,55.06
2019-10-31,59.3,54.02,54.18,60.23,54.18
2019-11-01,60.17,56.04,56.2,61.69,56.2
2019-11-04,62.52,56.33,56.54,62.13,56.54
2019-11-05,62.72,57.04,57.23,62.96,57.23
2019-11-06,62.11,56.15,56.35,61.74,56.35
2019-11-07,62.6,56.91,57.15,62.29,57.15
2019-11-08,62.0,57.02,57.24,62.51,57.24
2019-11-11,62.58,56.61,56.86,62.18,56.86
2019-11-12,62.19,56.67,56.8,62.06,56.8
2019-11-13,62.27,56.88,57.12,62.37,57.12
2019-11-14,62.46,56.57,56.77,62.28,56.77
2019-11-15,63.32,57.54,57.72,63.3,57.72
2019-11-18,62.82,56.82,57.05,62.44,57.05
2019-11-19,62.37,54.93,55.21,60.91,55.21
2019-11-20,63.8,56.71,57.11,62.4,57.11
2019-11-21,64.99,58.36,58.58,63.97,58.58
2019-11-22,64.83,57.68,57.77,63.39,57.77
2019-11-25,64.67,57.79,58.01,63.65,58.01
2019-11-26,64.82,58.25,58.41,64.27,58.41
2019-11-27,65.03,58.12,58.11,64.06,58.11
2019-11-28,64.68,,58.11,,
2019-11-29,64.5,58.12,,62.43,55.17
2019-12-02,63.2,55.97,55.96,60.92,55.96
2019-12-03,62.95,56.15,56.1,60.82,56.1
2019-12-04,65.25,58.46,58.43,63.0,58.43
2019-12-05,65.67,58.42,58.43,63.39,58.43
2019-12-06,66.5,59.2,59.2,64.39,59.2
2019-12-09,66.44,58.99,59.02,64.25,59.02
2019-12-10,66.57,59.22,59.24,64.34,59.24
2019-12-11,65.37,58.74,58.76,63.72,58.76
2019-12-12,66.67,59.18,59.18,64.2,59.18
2019-12-13,67.44,60.11,60.07,65.22,60.07
2019-12-16,68.04,60.21,60.21,65.34,60.21
2019-12-17,68.99,60.88,60.94,66.1,60.94
2019-12-18,69.12,60.93,60.93,66.17,60.93
2019-12-19,69.7,61.3,61.22,66.54,61.22
2019-12-20,68.66,60.43,60.44,66.14,60.44
2019-12-23,67.49,60.51,60.52,66.39,60.52
2019-12-24,69.26,61.17,61.11,67.2,61.11
2019-12-25,69.26,61.17,61.11,,
2019-12-26,69.26,61.72,61.68,67.92,61.68
2019-12-27,68.91,61.76,61.72,68.16,61.72
2019-12-30,68.3,61.66,61.68,68.44,61.68
2019-12-31,67.77,61.14,61.06,66.0,61.06
2020-01-02,67.05,61.17,61.18,66.25,61.18
2020-01-03,69.08,63.0,63.05,68.6,63.05
2020-01-06,70.25,63.27,63.27,68.91,63.27
2020-01-07,68.74,62.7,62.7,68.27,62.7
2020-01-08,67.31,59.65,59.61,65.44,59.61
2020-01-09,66.58,59.56,59.56,65.37,59.56
2020-01-10,66.77,59.02,59.04,64.98,59.04
2020-01-13,64.14,58.17,58.08,64.2,58.08
2020-01-14,64.45,58.34,58.23,64.49,58.23
2020-01-15,63.29,57.86,57.81,64.0,57.81
2020-01-16,64.63,58.52,58.52,64.62,58.52
2020-01-17,64.05,58.55,58.54,64.85,58.54
2020-01-20,64.63,,,,
2020-01-21,63.66,58.25,58.34,64.59,58.34
2020-01-22,62.11,56.76,56.74,63.21,56.74
2020-01-23,61.26,55.51,55.59,62.04,55.59
2020-01-24,59.34,54.09,54.19,60.69,54.19
2020-01-27,58.54,53.09,53.14,59.32,53.14
2020-01-28,59.37,53.33,53.48,59.51,53.48
2020-01-29,59.46,53.29,53.33,59.81,53.33
2020-01-30,57.72,52.19,52.14,58.29,52.14
2020-01-31,57.77,51.58,51.56,58.16,51.56
2020-02-03,54.0,50.06,50.11,54.45,50.11
2020-02-04,53.9,49.59,49.61,53.96,49.61
2020-02-05,55.36,50.87,50.75,55.28,50.75
2020-02-06,55.18,50.94,50.95,54.93,50.95
2020-02-07,54.53,50.34,50.32,54.47,50.32
2020-02-10,53.39,49.59,49.57,53.27,49.57
2020-02-11,54.0,50.0,49.94,54.01,49.94
2020-02-12,55.54,51.13,51.17,55.79,51.17
2020-02-13,56.34,51.41,51.42,56.34,51.42
2020-02-14,57.37,52.03,52.05,57.32,52.05
2020-02-17,57.83,,,,
2020-02-18,57.35,52.1,52.05,57.75,52.05
2020-02-19,59.72,53.31,53.29,59.12,53.29
2020-02-20,59.57,53.77,53.78,59.31,53.78
2020-02-21,58.6,53.36,53.38,58.5,53.38
2020-02-24,56.71,51.36,51.43,56.3,51.43
2020-02-25,55.29,49.78,49.9,54.95,49.9
2020-02-26,54.96,48.67,48.73,53.43,48.73
2020-02-27,52.19,47.17,47.09,52.18,47.09
2020-02-28,51.31,44.83,44.76,50.52,44.76
2020-03-02,52.52,46.78,46.75,51.9,46.75
2020-03-03,52.24,47.27,47.18,51.86,47.18
2020-03-04,51.86,46.78,46.78,51.13,46.78
2020-03-05,51.29,45.9,45.9,49.99,45.9
2020-03-06,45.6,41.14,41.28,45.27,41.28
2020-03-09,35.33,31.05,31.13,34.36,31.13
2020-03-10,35.57,34.47,34.36,37.22,34.36
2020-03-11,34.45,33.13,32.98,35.79,32.98
2020-03-12,31.02,31.56,31.5,33.22,31.5
2020-03-13,32.25,31.72,31.73,33.85,31.73
2020-03-16,27.98,28.96,28.7,30.05,28.7
2020-03-17,27.97,26.96,26.95,28.73,26.95
2020-03-18,22.79,20.48,20.37,24.88,20.37
2020-03-19,23.98,25.09,25.22,28.47,25.22
2020-03-20,25.55,19.48,22.43,26.98,22.43
2020-03-23,23.75,23.33,23.36,27.03,23.36
2020-03-24,24.5,21.03,24.01,27.15,24.01
2020-03-25,25.62,20.75,24.49,27.39,24.49
2020-03-26,23.55,16.6,22.6,26.34,22.6
2020-03-27,22.39,15.48,21.51,24.93,21.51
2020-03-30,19.19,14.1,20.09,22.76,20.09
2020-03-31,14.85,20.51,20.48,22.74,20.48
2020-04-01,14.97,20.28,20.31,24.74,20.31
2020-04-02,20.24,25.18,25.32,29.94,25.32
2020-04-03,24.33,28.36,28.34,34.11,28.34
2020-04-06,22.58,26.21,26.08,33.05,26.08
2020-04-07,22.1,23.54,23.63,31.87,23.63
2020-04-08,25.22,24.97,25.09,32.84,25.09
2020-04-09,20.23,22.9,22.76,31.48,22.76
2020-04-13,,22.36,22.41,31.74,22.41
2020-04-14,21.74,20.15,20.11,29.6,20.11
2020-04-15,19.8,19.96,19.87,27.69,19.87
2020-04-16,18.69,19.82,19.87,27.82,19.87
2020-04-17,19.75,18.31,18.27,28.08,18.27
2020-04-20,17.36,-36.98,-37.63,25.57,-37.63
2020-04-21,9.12,8.91,10.01,19.33,10.01
2020-04-22,13.77,13.64,13.78,20.37,13.78
2020-04-23,15.06,15.06,16.5,21.33,16.5
2020-04-24,15.87,15.99,16.94,21.44,16.94
2020-04-27,15.17,12.17,12.78,19.99,12.78
2020-04-28,15.6,12.4,12.34,20.46,12.34
2020-04-29,17.86,15.04,15.06,22.54,15.06
2020-04-30,18.11,19.23,18.84,25.27,18.84
2020-05-01,18.49,19.72,19.78,26.44,19.78
2020-05-04,20.4,20.47,20.39,27.2,20.39
2020-05-05,25.46,24.56,24.56,30.97,24.56
2020-05-06,24.2,23.88,23.99,29.72,23.99
2020-05-07,24.23,23.68,23.55,29.46,23.55
2020-05-08,,24.73,24.74,30.97,24.74
2020-05-11,25.53,24.02,24.14,29.63,24.14
2020-05-12,26.67,25.76,25.78,29.98,25.78
2020-05-13,27.89,25.37,25.29,29.19,25.29
2020-05-14,29.87,27.4,27.56,31.13,27.56
2020-05-15,30.95,29.44,29.43,32.5,29.43
2020-05-18,33.3,31.83,31.82,34.81,31.82
2020-05-19,33.06,32.3,32.5,34.65,32.5
2020-05-20,34.76,33.56,33.49,35.75,33.49
2020-05-21,34.78,34.3,33.92,36.06,33.92
2020-05-22,33.8,33.49,33.25,35.13,33.25
2020-05-26,33.95,34.7,34.35,36.17,34.35
2020-05-27,32.73,32.8,32.81,34.74,32.81
2020-05-28,33.98,33.67,33.71,35.29,33.71
2020-05-29,34.15,35.57,35.49,35.33,35.49
2020-06-01,36.74,35.49,35.44,38.32,35.44
2020-06-02,37.72,36.88,36.81,39.57,36.81
2020-06-03,37.98,37.33,37.29,39.79,37.29
2020-06-04,38.41,37.42,37.41,39.99,37.41
2020-06-05,41.0,39.49,39.55,42.3,39.55
2020-06-08,39.66,38.17,38.19,40.8,38.19
2020-06-09,40.45,38.98,38.94,41.18,38.94
2020-06-10,41.18,39.54,39.6,41.73,39.6
2020-06-11,37.76,36.43,36.34,38.55,36.34
2020-06-12,38.54,36.24,36.26,38.73,36.26
2020-06-15,39.44,37.07,37.12,39.72,37.12
2020-06-16,40.75,38.26,38.38,40.96,38.38
2020-06-17,40.47,37.91,37.96,40.71,37.96
2020-06-18,41.75,38.79,38.84,41.51,38.84
2020-06-19,42.33,39.72,39.75,42.19,39.75
2020-06-22,43.2,40.6,40.46,43.08,40.46
2020-06-23,42.72,40.4,40.37,42.63,40.37
2020-06-24,40.4,37.91,38.01,40.31,38.01
2020-06-25,41.18,38.66,38.72,41.05,38.72
2020-06-26,40.97,38.53,38.49,41.02,38.49
2020-06-29,41.58,39.67,39.7,41.71,39.7
2020-06-30,41.64,39.27,39.27,41.15,39.27
2020-07-01,42.18,39.88,39.82,42.03,39.82
2020-07-02,43.19,40.57,40.65,43.14,40.65
2020-07-03,42.92,,,,
2020-07-06,42.73,40.51,40.63,43.1,40.63
2020-07-07,43.28,40.59,40.62,43.08,40.62
2020-07-08,43.67,40.91,40.9,43.29,40.9
2020-07-09,42.35,39.64,39.62,42.35,39.62
2020-07-10,43.27,40.56,40.55,43.24,40.55
2020-07-13,42.85,40.06,40.1,42.72,40.1
2020-07-14,42.97,40.3,40.29,42.9,40.29
2020-07-15,43.96,41.2,41.2,43.79,41.2
2020-07-16,43.71,40.74,40.75,43.37,40.75
2020-07-17,43.53,40.55,40.59,43.14,40.59
2020-07-20,43.3,40.83,40.81,43.28,40.81
2020-07-21,44.31,41.76,41.96,44.32,41.96
2020-07-22,43.98,41.88,41.9,44.29,41.9
2020-07-23,42.96,40.99,41.07,43.31,41.07
2020-07-24,43.29,41.23,41.29,43.34,41.29
2020-07-27,43.39,41.46,41.6,43.41,41.6
2020-07-28,43.11,40.89,41.04,43.22,41.04
2020-07-29,43.51,41.13,41.27,43.75,41.27
2020-07-30,42.98,39.85,39.92,42.94,39.92
2020-07-31,43.13,40.1,40.27,43.3,40.27
2020-08-03,43.76,40.83,41.01,44.15,41.01
2020-08-04,43.99,41.67,41.7,44.43,41.7
2020-08-05,44.92,42.25,42.19,45.17,42.19
2020-08-06,45.04,41.93,41.95,45.09,41.95
2020-08-07,44.07,41.16,41.22,44.4,41.22
2020-08-10,44.19,41.94,41.94,44.99,41.94
2020-08-11,43.68,41.53,41.61,44.5,41.61
2020-08-12,45.09,42.6,42.67,45.43,42.67
2020-08-13,44.87,42.26,42.24,44.96,42.24
2020-08-14,44.86,42.05,42.01,44.8,42.01
2020-08-17,44.91,42.89,42.89,45.37,42.89
2020-08-18,45.34,42.89,42.89,45.46,42.89
2020-08-19,45.21,42.91,42.93,45.37,42.93
2020-08-20,44.56,42.62,42.58,44.9,42.58
2020-08-21,43.94,42.32,42.34,44.35,42.34
2020-08-24,44.43,42.44,42.62,45.13,42.62
2020-08-25,46.01,43.17,43.35,45.86,43.35
2020-08-26,45.79,43.21,43.39,45.64,43.39
2020-08-27,44.84,42.88,43.04,45.09,43.04
2020-08-28,45.22,42.96,42.97,45.05,42.97
2020-08-31,,42.61,42.61,45.28,42.61
2020-09-01,45.72,42.76,42.76,45.58,42.76
2020-09-02,42.7,42.76,41.51,44.43,41.51
2020-09-03,42.72,41.39,41.37,44.07,41.37
2020-09-04,41.1,39.69,39.77,42.66,39.77
2020-09-07,40.67,,,,
2020-09-08,38.53,36.87,36.76,39.78,36.76
2020-09-09,39.98,38.05,38.05,40.79,38.05
2020-09-10,39.27,37.25,37.3,40.06,37.3
2020-09-11,38.8,37.33,37.33,39.83,37.33
2020-09-14,38.57,37.23,37.26,39.61,37.26
2020-09-15,39.54,38.29,38.28,40.53,38.28
2020-09-16,41.23,40.17,40.16,42.22,40.16
2020-09-17,42.35,40.99,40.97,43.3,40.97
2020-09-18,42.16,41.09,41.11,43.15,41.11
2020-09-21,40.37,39.26,39.31,41.44,39.31
2020-09-22,40.84,39.55,39.6,41.72,39.6
2020-09-23,41.09,39.92,39.93,41.77,39.93
2020-09-24,41.24,40.11,40.31,41.94,40.31
2020-09-25,40.91,40.06,40.25,41.92,40.25
2020-09-28,41.59,40.47,40.6,42.43,40.6
2020-09-29,40.33,39.03,39.29,41.03,39.29
2020-09-30,40.3,40.05,40.22,40.95,40.22
2020-10-01,39.75,38.51,38.72,40.93,38.72
2020-10-02,38.0,36.9,37.05,39.27,37.05
2020-10-05,39.78,39.12,39.22,41.29,39.22
2020-10-06,41.27,40.52,40.67,42.65,40.67
2020-10-07,40.62,39.82,39.95,41.99,39.95
2020-10-08,42.0,41.04,41.19,43.34,41.19
2020-10-09,41.63,40.44,40.6,42.85,40.6
2020-10-12,40.5,39.22,39.43,41.72,39.43
2020-10-13,41.34,40.03,40.2,42.45,40.2
2020-10-14,41.81,40.86,41.04,43.32,41.04
2020-10-15,41.61,40.84,40.96,43.16,40.96
2020-10-16,41.34,40.7,40.88,42.93,40.88
2020-10-19,41.29,40.69,40.83,42.62,40.83
2020-10-20,41.62,41.37,41.46,43.16,41.46
2020-10-21,40.09,39.88,40.03,41.73,40.03
2020-10-22,41.28,40.46,40.64,42.46,40.64
2020-10-23,40.71,39.73,39.85,41.77,39.85
2020-10-26,39.06,38.39,38.56,40.46,38.56
2020-10-27,39.72,39.34,39.57,41.2,39.57
2020-10-28,37.86,37.27,37.39,39.12,37.39
2020-10-29,36.56,35.94,36.17,37.65,36.17
2020-10-30,36.33,35.64,35.79,37.46,35.79
2020-11-02,37.78,36.6,36.81,38.97,36.81
2020-11-03,38.17,37.44,37.66,39.71,37.66
2020-11-04,39.68,38.97,39.15,41.23,39.15
2020-11-05,39.47,38.56,38.79,40.93,38.79
2020-11-06,38.08,36.97,37.14,39.45,37.14
2020-11-09,40.93,40.05,40.29,42.4,40.29
2020-11-10,42.25,41.18,41.36,43.61,41.36
2020-11-11,42.5,41.23,41.45,43.8,41.45
2020-11-12,42.16,40.9,41.12,43.53,41.12
2020-11-13,41.51,39.93,40.13,42.78,40.13
2020-11-16,42.71,41.14,41.34,43.82,41.34
2020-11-17,42.54,41.24,41.43,43.75,41.43
2020-11-18,42.91,41.64,41.82,44.34,41.82
2020-11-19,43.09,41.57,41.74,44.2,41.74
2020-11-20,43.79,41.99,42.15,44.96,42.15
2020-11-23,45.0,42.91,43.06,46.06,43.06
2020-11-24,46.63,44.71,44.91,47.86,44.91
2020-11-25,47.3,45.58,45.71,48.61,45.71
2020-11-26,46.32,,,,
2020-11-27,46.88,,,48.18,45.53
2020-11-30,46.84,45.2,45.34,47.59,45.34
2020-12-01,47.03,44.54,44.55,47.42,44.55
2020-12-02,47.8,45.23,45.28,48.25,45.28
2020-12-03,48.37,45.65,45.64,48.71,45.64
2020-12-04,49.1,46.23,46.26,49.25,46.26
2020-12-07,48.63,45.72,45.76,48.79,45.76
2020-12-08,48.84,45.64,45.6,48.84,45.6
2020-12-09,48.81,45.48,45.52,48.86,45.52
2020-12-10,50.33,46.76,46.78,50.25,46.78
2020-12-11,50.01,46.59,46.57,49.97,46.57
2020-12-14,50.27,47.02,46.99,50.29,46.99
2020-12-15,50.77,47.58,47.62,50.76,47.62
2020-12-16,50.83,47.86,47.82,51.08,47.82
2020-12-17,51.2,48.34,48.36,51.5,48.36
2020-12-18,52.17,49.04,49.1,52.26,49.1
2020-12-21,50.61,47.79,47.74,50.91,47.74
2020-12-22,49.88,47.02,47.02,50.08,47.02
2020-12-23,51.05,47.94,48.12,51.2,48.12
2020-12-24,50.88,48.18,48.23,51.29,48.23
2020-12-28,50.88,47.5,47.62,50.86,47.62
2020-12-29,50.44,47.85,48.0,51.09,48.0
2020-12-30,50.74,48.24,48.4,51.34,48.4
2020-12-31,51.22,48.35,48.52,51.8,48.52
2021-01-04,50.37,47.47,47.62,51.09,47.62
2021-01-05,53.16,49.78,49.93,53.6,49.93
2021-01-06,53.8,50.45,50.63,54.3,50.63
2021-01-07,53.7,50.63,50.83,54.38,50.83
2021-01-08,55.51,52.14,52.24,55.99,52.24
2021-01-11,54.84,52.15,52.25,55.66,52.25
2021-01-12,55.98,53.08,53.21,56.58,53.21
2021-01-13,55.52,52.81,52.91,56.06,52.91
2021-01-14,55.76,53.47,53.57,56.42,53.57
2021-01-15,54.8,52.25,52.36,55.1,52.36
2021-01-18,54.21,,,,
2021-01-19,55.38,52.87,52.98,55.9,52.98
2021-01-20,55.66,53.16,53.24,56.08,53.24
2021-01-21,55.68,53.0,53.13,56.1,53.13
2021-01-22,55.22,52.28,52.27,55.41,52.27
2021-01-25,55.44,52.78,52.77,55.88,52.77
2021-01-26,55.26,52.61,52.61,55.91,52.61
2021-01-27,55.07,52.81,52.85,55.81,52.85
2021-01-28,54.87,52.26,52.34,55.53,52.34
2021-01-29,55.25,52.16,52.2,55.88,52.2
2021-02-01,56.42,53.55,53.55,56.35,53.55
2021-02-02,57.62,54.77,54.76,57.46,54.76
2021-02-03,58.61,55.67,55.69,58.46,55.69
2021-02-04,58.98,56.19,56.23,58.84,56.23
2021-02-05,59.48,56.8,56.85,59.34,56.85
2021-02-08,60.17,57.95,57.97,60.56,57.97
2021-02-09,60.74,58.34,58.36,61.09,58.36
2021-02-10,61.17,58.69,58.68,61.47,58.68
2021-02-11,61.09,58.22,58.24,61.14,58.24
2021-02-12,62.47,59.5,59.47,62.43,59.47
2021-02-15,63.58,,,,
2021-02-16,63.96,60.07,60.05,63.35,60.05
2021-02-17,65.02,61.09,61.14,64.34,61.14
2021-02-18,64.09,60.4,60.52,63.93,60.52
2021-02-19,62.84,59.12,59.24,62.91,59.24
2021-02-22,64.73,61.67,61.49,65.24,61.49
2021-02-23,65.16,61.66,61.67,65.37,61.67
2021-02-24,66.85,63.21,63.22,67.04,63.22
2021-02-25,66.69,63.43,63.53,66.88,63.53
2021-02-26,65.86,61.55,61.5,66.13,61.5
2021-03-01,64.56,60.54,60.64,63.69,60.64
2021-03-02,63.17,59.7,59.75,62.7,59.75
2021-03-03,64.7,61.33,61.28,64.07,61.28
2021-03-04,67.32,63.81,63.83,66.74,63.83
2021-03-05,69.95,66.08,66.09,69.36,66.09
2021-03-08,68.0,65.03,65.05,68.24,65.05
2021-03-09,67.03,64.02,64.01,67.52,64.01
2021-03-10,67.53,64.45,64.44,67.9,64.44
2021-03-11,69.34,66.02,66.02,69.63,66.02
2021-03-12,68.87,65.59,65.61,69.22,65.61
2021-03-15,68.78,65.36,65.39,68.88,65.39
2021-03-16,67.95,64.82,64.8,68.39,64.8
2021-03-17,67.73,64.55,64.6,68.0,64.6
2021-03-18,62.11,59.95,60.0,63.28,60.0
2021-03-19,64.0,61.43,61.42,64.53,61.42
2021-03-22,63.89,61.48,61.55,64.62,61.55
2021-03-23,59.96,57.75,57.76,60.79,57.76
2021-03-24,63.7,61.12,61.18,64.41,61.18
2021-03-25,61.21,58.47,58.56,61.95,58.56
2021-03-26,63.77,60.93,60.97,64.57,60.97
2021-03-29,64.06,61.49,61.56,64.98,61.56
2021-03-30,63.28,60.55,60.55,64.14,60.55
2021-03-31,63.52,59.19,59.16,63.54,59.16
2021-04-01,63.85,61.41,61.45,64.86,61.45
2021-04-05,,58.73,58.65,62.15,58.65
2021-04-06,61.47,59.34,59.33,62.74,59.33
2021-04-07,61.86,59.77,59.77,63.16,59.77
2021-04-08,62.09,59.61,59.6,63.2,59.6
2021-04-09,61.89,59.29,59.32,62.95,59.32
2021-04-12,62.38,59.7,59.7,63.28,59.7
2021-04-13,62.83,60.2,60.18,63.67,60.18
2021-04-14,66.11,63.15,63.15,66.58,63.15
2021-04-15,66.13,63.42,63.46,66.94,63.46
2021-04-16,65.98,63.16,63.13,66.77,63.13
2021-04-19,66.54,63.33,63.38,67.05,63.38
2021-04-20,65.34,62.61,62.44,66.57,62.44
2021-04-21,64.02,61.34,61.35,65.32,61.35
2021-04-22,65.07,61.45,61.43,65.4,61.43
2021-04-23,65.75,62.18,62.14,66.11,62.14
2021-04-26,65.5,62.02,61.91,65.65,61.91
2021-04-27,66.25,63.03,62.94,66.42,62.94
2021-04-28,67.08,63.81,63.86,67.27,63.86
2021-04-29,68.26,65.0,65.01,68.56,65.01
2021-04-30,67.73,63.5,63.58,67.25,63.58
2021-05-03,,64.46,64.49,67.56,64.49
2021-05-04,68.91,65.72,65.69,68.88,65.69
2021-05-05,69.71,65.63,65.63,68.96,65.63
2021-05-06,68.62,64.73,64.71,68.09,64.71
2021-05-07,68.73,64.96,64.9,68.28,64.9
2021-05-10,68.61,64.92,64.92,68.32,64.92
2021-05-11,68.83,65.31,65.28,68.55,65.28
2021-05-12,69.62,65.96,66.08,69.32,66.08
2021-05-13,67.36,63.82,63.82,67.05,63.82
2021-05-14,69.24,65.32,65.37,68.71,65.37
2021-05-17,69.62,66.24,66.27,69.46,66.27
2021-05-18,69.01,65.49,65.49,68.71,65.49
2021-05-19,66.88,63.28,63.36,66.66,63.36
2021-05-20,65.18,61.95,62.05,65.11,62.05
2021-05-21,66.72,63.61,63.58,66.44,63.58
2021-05-24,68.59,66.13,66.05,68.46,66.05
2021-05-25,68.8,66.27,66.07,68.65,66.07
2021-05-26,68.93,66.41,66.21,68.87,66.21
2021-05-27,69.43,66.87,66.85,69.46,66.85
2021-05-28,69.36,66.31,66.32,69.63,66.32
2021-06-01,70.03,67.8,67.72,70.25,67.72
2021-06-02,70.6,68.79,68.83,71.35,68.83
2021-06-03,70.71,68.81,68.81,71.31,68.81
2021-06-04,71.3,69.57,69.62,71.89,69.62
2021-06-07,70.89,69.21,69.23,71.49,69.23
2021-06-08,71.39,70.11,70.05,72.22,70.05
2021-06-09,71.31,69.9,69.96,72.22,69.96
2021-06-10,71.65,70.34,70.29,72.52,70.29
2021-06-11,72.05,71.0,70.91,72.69,70.91
2021-06-14,72.27,70.94,70.88,72.86,70.88
2021-06-15,73.38,72.06,72.12,73.99,72.12
2021-06-16,73.88,72.03,72.15,74.39,72.15
2021-06-17,72.92,71.06,71.04,73.08,71.04
2021-06-18,73.1,71.64,71.64,73.51,71.64
2021-06-21,74.49,73.64,73.66,74.9,73.66
2021-06-22,74.92,73.15,73.06,74.81,73.06
2021-06-23,75.22,73.11,73.08,75.19,73.08
2021-06-24,75.95,73.31,73.3,75.56,73.3
2021-06-25,76.45,74.21,74.05,76.18,74.05
2021-06-28,74.78,72.98,72.91,74.68,72.91
2021-06-29,75.38,73.14,72.98,74.76,72.98
2021-06-30,76.94,73.52,73.47,75.13,73.47
2021-07-01,76.69,75.33,75.23,75.84,75.23
2021-07-02,77.51,75.37,75.16,76.17,75.16
2021-07-05,78.34,,,,
2021-07-06,75.81,73.62,73.37,74.53,73.37
2021-07-07,74.31,72.22,72.2,73.43,72.2
2021-07-08,75.07,72.98,72.94,74.12,72.94
2021-07-09,77.14,74.56,74.56,75.55,74.56
2021-07-12,76.77,74.21,74.1,75.16,74.1
2021-07-13,77.5,75.24,75.25,76.49,75.25
2021-07-14,75.74,73.06,73.13,74.76,73.13
2021-07-15,74.53,71.67,71.65,73.47,71.65
2021-07-16,74.46,71.76,71.81,73.59,71.81
2021-07-19,69.33,66.45,66.42,68.62,66.42
2021-07-20,70.03,67.32,67.42,69.35,67.42
2021-07-21,72.54,70.26,70.3,72.23,70.3
2021-07-22,74.25,72.15,71.91,73.79,71.91
2021-07-23,74.86,72.24,72.07,74.1,72.07
2021-07-26,74.79,72.15,71.91,74.5,71.91
2021-07-27,74.87,71.68,71.65,74.48,71.65
2021-07-28,75.09,72.37,72.39,74.74,72.39
2021-07-29,76.3,73.62,73.62,76.05,73.62
2021-07-30,77.72,73.93,73.95,76.33,73.95
2021-08-02,73.91,71.31,71.26,72.89,71.26
2021-08-03,73.24,70.64,70.56,72.41,70.56
2021-08-04,70.99,68.19,68.15,70.38,68.15
2021-08-05,72.14,69.1,69.09,71.29,69.09
2021-08-06,71.02,68.26,68.28,70.7,68.28
2021-08-09,69.65,66.56,66.48,69.04,66.48
2021-08-10,71.14,68.33,68.29,70.63,68.29
2021-08-11,71.99,69.3,69.25,71.44,69.25
2021-08-12,71.79,69.12,69.09,71.31,69.09
2021-08-13,70.9,68.36,68.44,70.59,68.44
2021-08-16,70.07,67.44,67.29,69.51,67.29
2021-08-17,69.4,66.5,66.59,69.03,66.59
2021-08-18,68.61,65.36,65.46,68.23,65.46
2021-08-19,66.8,63.69,63.69,66.45,63.69
2021-08-20,65.51,62.25,62.32,65.18,62.32
2021-08-23,69.07,65.65,65.64,68.75,65.64
2021-08-24,71.21,67.5,67.54,71.05,67.54
2021-08-25,72.12,68.54,68.36,72.25,68.36
2021-08-26,70.42,67.42,67.42,71.07,67.42
2021-08-27,72.26,68.84,68.74,72.7,68.74
2021-08-30,,69.28,69.21,73.41,69.21
2021-08-31,73.45,68.43,68.5,72.99,68.5
2021-09-01,71.99,68.63,68.59,71.59,68.59
2021-09-02,73.56,70.07,69.99,73.03,69.99
2021-09-03,73.07,69.34,69.29,72.61,69.29
2021-09-06,72.43,,,,
2021-09-07,71.52,68.49,68.35,71.69,68.35
2021-09-08,72.36,69.36,69.3,72.6,69.3
2021-09-09,71.32,68.26,68.14,71.45,68.14
2021-09-10,72.44,69.82,69.72,72.92,69.72
2021-09-13,72.97,70.54,70.45,73.51,70.45
2021-09-14,73.05,70.53,70.46,73.6,70.46
2021-09-15,74.84,72.59,72.61,75.46,72.61
2021-09-16,75.14,72.69,72.61,75.67,72.61
2021-09-17,74.64,72.09,71.97,75.34,71.97
2021-09-20,73.59,70.41,70.29,73.92,70.29
2021-09-21,73.65,70.51,70.56,74.36,70.56
2021-09-22,75.5,72.37,72.23,76.19,72.23
2021-09-23,76.44,73.43,73.3,77.25,73.3
2021-09-24,77.42,74.18,73.98,78.09,73.98
2021-09-27,78.85,75.54,75.45,79.53,75.45
2021-09-28,78.3,75.44,75.29,79.09,75.29
2021-09-29,77.86,75.06,74.83,78.64,74.83
2021-09-30,77.81,75.22,75.03,78.52,75.03
2021-10-01,79.4,76.01,75.88,79.28,75.88
2021-10-04,81.44,77.68,77.62,81.26,77.62
2021-10-05,82.72,79.17,78.93,82.56,78.93
2021-10-06,81.39,77.66,77.43,81.08,77.43
2021-10-07,82.34,78.46,78.3,81.95,78.3
2021-10-08,82.17,79.55,79.35,82.39,79.35
2021-10-11,83.75,80.64,80.52,83.65,80.52
2021-10-12,83.53,80.75,80.64,83.42,80.64
2021-10-13,83.53,80.67,80.44,83.18,80.44
2021-10-14,83.86,81.43,81.31,84.0,81.31
2021-10-15,84.67,82.39,82.28,84.86,82.28
2021-10-18,84.13,82.62,82.44,84.33,82.44
2021-10-19,85.02,83.19,82.96,85.08,82.96
2021-10-20,85.76,84.4,83.87,85.82,83.87
2021-10-21,84.58,82.64,82.5,84.61,82.5
2021-10-22,85.43,84.53,83.76,85.53,83.76
2021-10-25,84.85,84.64,83.76,85.99,83.76
2021-10-26,85.11,85.64,84.65,86.4,84.65
2021-10-27,84.12,82.66,82.66,84.58,82.66
2021-10-28,83.4,82.78,82.81,84.32,82.81
2021-10-29,83.1,83.5,83.57,84.38,83.57
2021-11-01,84.51,84.08,84.05,84.71,84.05
2021-11-02,84.42,83.91,83.91,84.72,83.91
2021-11-03,81.1,80.82,80.86,81.99,80.86
2021-11-04,80.15,78.88,78.81,80.54,78.81
2021-11-05,82.43,81.25,81.27,82.74,81.27
2021-11-08,83.22,81.96,81.93,83.43,81.93
2021-11-09,84.52,84.12,84.15,84.78,84.15
2021-11-10,82.91,81.23,81.34,82.64,81.34
2021-11-11,83.4,81.47,81.59,82.87,81.59
2021-11-12,82.9,80.87,80.79,82.17,80.79
2021-11-15,81.94,80.85,80.88,82.05,80.88
2021-11-16,82.85,80.76,80.76,82.43,80.76
2021-11-17,80.67,78.32,78.36,80.28,78.36
2021-11-18,82.45,78.92,79.01,81.24,79.01
2021-11-19,80.24,76.11,76.1,78.89,76.1
2021-11-22,80.97,76.74,76.75,79.7,76.75
2021-11-23,83.43,78.32,78.5,82.31,78.5
2021-11-24,82.37,78.32,78.39,82.25,78.39
2021-11-25,82.05,,,,
2021-11-26,72.37,,,72.72,68.15
2021-11-29,73.34,69.88,69.95,73.44,69.95
2021-11-30,70.86,66.14,66.18,70.57,66.18
2021-12-01,69.53,65.44,65.57,68.87,65.57
2021-12-02,70.56,66.6,66.5,69.67,66.5
2021-12-03,70.71,66.39,66.26,69.88,66.26
2021-12-06,73.38,69.62,69.49,73.08,69.49
2021-12-07,75.54,71.94,72.05,75.44,72.05
2021-12-08,75.94,72.43,72.36,75.82,72.36
2021-12-09,74.1,70.87,70.94,74.42,70.94
2021-12-10,74.98,71.71,71.67,75.15,71.67
2021-12-13,74.12,71.19,71.29,74.39,71.29
2021-12-14,73.37,70.57,70.73,73.7,70.73
2021-12-15,73.71,70.89,70.87,73.88,70.87
2021-12-16,74.64,72.34,72.38,75.02,72.38
2021-12-17,72.97,70.93,70.86,73.52,70.86
2021-12-20,70.51,68.69,68.23,71.52,68.23
2021-12-21,72.85,71.1,71.12,73.98,71.12
2021-12-22,74.69,72.82,72.76,75.29,72.76
2021-12-23,76.26,73.89,73.79,76.85,73.79
2021-12-24,75.24,,,,
2021-12-27,,75.49,75.57,78.6,75.57
2021-12-28,,76.01,75.98,78.94,75.98
2021-12-29,78.63,76.58,76.56,79.23,76.56
2021-12-30,78.61,76.83,76.99,79.32,76.99
2021-12-31,77.24,75.33,75.21,77.78,75.21
2022-01-03,78.25,75.99,76.08,78.98,76.08
2022-01-04,79.39,77.0,76.99,80.0,76.99
2022-01-05,80.6,77.83,77.85,80.8,77.85
2022-01-06,81.99,79.47,79.46,81.99,79.46
2022-01-07,82.28,79.0,78.9,81.75,78.9
2022-01-10,81.56,78.11,78.23,80.87,78.23
2022-01-11,84.98,81.17,81.22,83.72,81.22
2022-01-12,85.83,82.51,82.64,84.67,82.64
2022-01-13,85.8,81.97,82.12,84.47,82.12
2022-01-14,87.17,83.82,83.82,86.06,83.82
2022-01-17,87.82,,,,
2022-01-18,88.83,85.42,85.43,87.51,85.43
2022-01-19,89.64,86.84,86.96,88.44,86.96
2022-01-20,89.75,86.29,86.9,88.38,86.9
2022-01-21,89.75,85.16,85.14,87.89,85.14
2022-01-24,87.74,84.48,83.31,86.27,83.31
2022-01-25,89.49,86.61,85.6,88.2,85.6
2022-01-26,91.22,88.33,87.35,89.96,87.35
2022-01-27,90.7,87.61,86.61,89.34,86.61
2022-01-28,91.47,87.67,86.82,90.03,86.82
2022-01-31,92.35,89.16,88.15,91.21,88.15
2022-02-01,90.24,88.22,88.2,89.16,88.2
2022-02-02,91.43,88.16,88.26,89.47,88.26
2022-02-03,92.99,90.17,90.27,91.11,90.27
2022-02-04,96.86,92.27,92.31,93.27,92.31
2022-02-07,97.28,91.25,91.32,92.69,91.32
2022-02-08,96.07,89.32,89.36,90.78,89.36
2022-02-09,94.95,89.57,89.66,91.55,89.66
2022-02-10,96.37,89.83,89.88,91.41,89.88
2022-02-11,97.5,93.1,93.1,94.44,93.1
2022-02-14,101.66,95.52,95.46,96.48,95.46
2022-02-15,98.43,92.07,92.07,93.28,92.07
2022-02-16,97.44,93.83,93.66,94.81,93.66
2022-02-17,95.28,91.78,91.76,92.97,91.76
2022-02-18,96.18,91.26,91.07,93.54,91.07
2022-02-21,98.95,,,,
2022-02-22,98.73,92.11,92.35,96.84,92.35
2022-02-23,99.29,92.14,92.1,96.84,92.1
2022-02-24,101.29,92.77,92.81,99.08,92.81
2022-02-25,98.56,91.68,91.59,97.93,91.59
2022-02-28,103.08,96.13,95.72,100.99,95.72
2022-03-01,110.93,103.66,103.41,104.97,103.41
2022-03-02,118.94,110.74,110.6,112.93,110.6
2022-03-03,115.36,107.69,107.67,110.46,107.67
2022-03-04,123.86,115.77,115.68,118.11,115.68
2022-03-07,129.02,119.26,119.4,123.21,119.4
2022-03-08,133.18,123.64,123.7,127.98,123.7
2022-03-09,116.58,108.81,108.7,111.14,108.7
2022-03-10,114.54,105.93,106.02,109.33,106.02
2022-03-11,118.11,109.31,109.33,112.67,109.33
2022-03-14,110.39,103.22,103.01,106.9,103.01
2022-03-15,105.14,96.42,96.44,99.91,96.44
2022-03-16,104.61,94.85,95.04,98.02,95.04
2022-03-17,113.5,102.97,102.98,106.64,102.98
2022-03-18,114.32,104.69,104.7,107.93,104.7
2022-03-21,122.29,112.14,112.12,115.62,112.12
2022-03-22,121.53,111.03,111.76,115.48,111.76
2022-03-23,127.52,114.89,114.93,121.6,114.93
2022-03-24,123.98,114.2,112.34,119.03,112.34
2022-03-25,122.67,116.2,113.9,120.65,113.9
2022-03-28,114.5,107.55,105.96,112.48,105.96
2022-03-29,112.79,104.25,104.24,110.23,104.24
2022-03-30,115.59,107.81,107.82,113.45,107.82
2022-03-31,107.29,100.53,100.28,107.91,100.28
2022-04-01,106.13,99.32,99.27,104.39,99.27
2022-04-04,108.15,103.29,103.28,107.53,103.28
2022-04-05,106.6,101.98,101.96,106.64,101.96
2022-04-06,100.81,96.39,96.23,101.07,96.23
2022-04-07,99.83,96.05,96.03,100.58,96.03
2022-04-08,101.26,98.35,98.26,102.78,98.26
2022-04-11,97.92,94.22,94.29,98.48,94.29
2022-04-12,104.42,100.52,100.6,104.64,100.6
2022-04-13,108.49,104.26,104.25,108.78,104.25
2022-04-14,110.83,106.84,106.95,111.7,106.95
2022-04-18,,108.24,108.21,113.16,108.21
2022-04-19,105.49,102.54,102.56,107.25,102.56
2022-04-20,105.05,102.56,102.75,106.8,102.75
2022-04-21,107.2,103.89,103.79,108.33,103.79
2022-04-22,105.15,102.86,102.07,106.65,102.07
2022-04-25,99.27,99.6,98.54,102.32,98.54
2022-04-26,102.89,102.62,101.7,104.99,101.7
2022-04-27,103.3,101.96,102.02,105.32,102.02
2022-04-28,105.78,105.47,105.36,107.59,105.36
2022-04-29,108.36,104.59,104.69,109.34,104.69
2022-05-02,,105.18,105.17,107.58,105.17
2022-05-03,104.94,102.53,102.41,104.97,102.41
2022-05-04,110.53,107.84,107.81,110.14,107.81
2022-05-05,112.11,108.17,108.26,110.9,108.26
2022-05-06,113.86,109.72,109.77,112.39,109.77
2022-05-09,106.67,103.08,103.09,105.94,103.09
2022-05-10,102.61,99.74,99.76,102.46,99.76
2022-05-11,107.7,105.5,105.71,107.51,105.71
2022-05-12,108.06,106.15,106.13,107.45,106.13
2022-05-13,112.12,110.52,110.49,111.55,110.49
2022-05-16,114.86,114.07,114.2,114.24,114.2
2022-05-17,112.89,112.31,112.4,111.93,112.4
2022-05-18,110.04,109.67,109.59,109.11,109.59
2022-05-19,113.22,112.21,112.21,112.04,112.21
2022-05-20,113.63,112.63,113.23,112.55,113.23
2022-05-23,115.13,110.32,110.29,113.42,110.29
2022-05-24,115.77,112.55,109.77,113.56,109.77
2022-05-25,116.41,112.88,110.33,114.03,110.33
2022-05-26,119.81,116.19,114.09,117.4,114.09
2022-05-27,121.19,114.96,115.07,119.43,115.07
2022-05-30,123.01,,,,
2022-05-31,125.53,114.38,114.67,122.84,114.67
2022-06-01,122.2,115.26,115.26,116.29,115.26
2022-06-02,,116.88,116.87,117.61,116.87
2022-06-03,125.68,118.97,118.87,119.72,118.87
2022-06-06,124.99,118.41,118.5,119.51,118.5
2022-06-07,126.89,119.55,119.41,120.57,119.41
2022-06-08,129.2,121.94,122.11,123.58,122.11
2022-06-09,128.47,121.52,121.51,123.07,121.51
2022-06-10,127.44,120.73,120.67,122.01,120.67
2022-06-13,128.44,120.92,120.93,122.27,120.93
2022-06-14,127.02,118.92,118.93,121.17,118.93
2022-06-15,124.96,115.32,115.31,118.51,115.31
2022-06-16,125.78,117.56,117.59,119.81,117.59
2022-06-17,119.22,109.56,109.56,113.12,109.56
2022-06-20,118.25,,,,
2022-06-21,118.51,110.49,110.65,114.65,110.65
2022-06-22,115.54,106.22,106.19,111.74,106.19
2022-06-23,114.5,105.75,104.27,110.05,104.27
2022-06-24,117.36,109.07,107.62,113.12,107.62
2022-06-27,119.69,111.44,109.57,115.09,109.57
2022-06-28,122.21,113.66,111.76,117.98,111.76
2022-06-29,120.8,111.65,109.78,116.26,109.78
2022-06-30,119.78,107.76,105.76,114.81,105.76
2022-07-01,119.21,110.3,108.43,111.63,108.43
2022-07-04,121.8,,,,
2022-07-05,110.49,101.55,99.5,102.77,99.5
2022-07-06,108.54,100.31,98.53,100.69,98.53
2022-07-07,113.4,104.62,102.73,104.65,102.73
2022-07-08,113.95,106.78,104.79,107.02,104.79
2022-07-11,114.85,106.09,104.09,107.1,104.09
2022-07-12,106.98,97.69,95.84,99.49,95.84
2022-07-13,107.17,98.44,96.3,99.57,96.3
2022-07-14,107.74,97.79,95.78,99.1,95.78
2022-07-15,112.26,99.59,97.59,101.16,97.59
2022-07-18,117.27,104.48,102.6,106.27,102.6
2022-07-19,114.96,106.12,104.22,107.35,104.22
2022-07-20,115.86,104.45,102.26,106.92,102.26
2022-07-21,112.81,98.44,96.35,103.86,96.35
2022-07-22,106.77,97.71,94.7,103.2,94.7
2022-07-25,108.23,99.83,96.7,105.15,96.7
2022-07-26,107.32,97.74,94.98,104.4,94.98
2022-07-27,109.64,100.03,97.26,106.62,97.26
2022-07-28,109.68,99.11,96.42,107.14,96.42
2022-07-29,111.51,101.31,98.62,110.01,98.62
2022-08-01,106.09,96.59,93.89,100.03,93.89
2022-08-02,106.51,97.14,94.42,100.54,94.42
2022-08-03,101.82,93.25,90.66,96.78,90.66
2022-08-04,97.99,91.29,88.54,94.12,88.54
2022-08-05,100.31,91.77,89.01,94.92,89.01
2022-08-08,103.46,93.52,90.76,96.65,90.76
2022-08-09,103.81,93.18,90.5,96.31,90.5
2022-08-10,105.06,94.68,91.93,97.4,91.93
2022-08-11,107.19,97.02,94.34,99.6,94.34
2022-08-12,103.7,94.86,92.09,98.15,92.09
2022-08-15,98.25,92.24,89.41,95.1,89.41
2022-08-16,95.36,89.23,86.53,92.34,86.53
2022-08-17,97.22,90.85,88.11,93.65,88.11
2022-08-18,96.35,93.2,90.5,96.59,90.5
2022-08-19,96.45,93.55,90.77,96.72,90.77
2022-08-22,95.06,93.42,90.23,96.48,90.23
2022-08-23,99.49,96.46,93.74,100.22,93.74
2022-08-24,99.87,95.52,94.89,101.22,94.89
2022-08-25,98.81,93.33,92.52,99.34,92.52
2022-08-26,101.13,93.63,93.06,100.99,93.06
2022-08-29,,97.4,97.01,105.09,97.01
2022-08-30,99.34,92.08,91.64,99.31,91.64
2022-08-31,96.55,90.09,89.55,96.49,89.55
2022-09-01,92.24,87.09,86.61,92.36,86.61
2022-09-02,93.09,87.29,86.87,93.02,86.87
2022-09-05,94.22,,,,
2022-09-06,91.43,87.35,86.88,92.83,86.88
2022-09-07,86.83,82.5,81.94,88.0,81.94
2022-09-08,87.99,84.04,83.54,89.15,83.54
2022-09-09,91.68,87.27,86.79,92.84,86.79
2022-09-12,93.45,88.18,87.78,94.0,87.78
2022-09-13,92.04,87.84,87.31,93.17,87.31
2022-09-14,92.83,88.88,88.48,94.1,88.48
2022-09-15,89.28,85.72,85.1,90.84,85.1
2022-09-16,89.43,85.57,85.11,91.35,85.11
2022-09-19,,86.15,85.73,92.0,85.73
2022-09-20,89.62,84.69,84.45,90.62,84.45
2022-09-21,89.86,83.38,82.94,89.83,82.94
2022-09-22,90.4,84.02,83.49,90.46,83.49
2022-09-23,84.29,79.07,78.74,86.15,78.74
2022-09-26,82.55,77.17,76.71,84.06,76.71
2022-09-27,85.97,78.91,78.5,86.27,78.5
2022-09-28,89.55,82.61,82.15,89.32,82.15
2022-09-29,89.41,81.78,81.23,88.49,81.23
2022-09-30,88.9,79.91,79.49,87.96,79.49
2022-10-03,90.68,84.05,83.63,88.86,83.63
2022-10-04,93.74,86.87,86.52,91.8,86.52
2022-10-05,94.35,88.22,87.76,93.37,87.76
2022-10-06,95.65,88.9,88.45,94.42,88.45
2022-10-07,98.88,93.07,92.64,97.92,92.64
2022-10-10,97.13,91.6,91.13,96.19,91.13
2022-10-11,95.17,89.75,89.35,94.29,89.35
2022-10-12,93.44,87.83,87.27,92.45,87.27
2022-10-13,95.16,89.59,89.11,94.57,89.11
2022-10-14,92.22,86.1,85.61,91.63,85.61
2022-10-17,91.04,86.0,85.46,91.62,85.46
2022-10-18,89.46,83.29,82.82,90.03,82.82
2022-10-19,91.34,86.0,85.55,92.41,85.55
2022-10-20,91.52,86.02,85.98,92.38,85.98
2022-10-21,91.82,85.47,85.05,93.5,85.05
2022-10-24,91.57,86.12,84.58,93.26,84.58
2022-10-25,,,85.32,93.52,85.32
2022-10-26,92.93,89.39,87.91,95.69,87.91
2022-10-27,94.17,89.06,89.08,96.96,89.08
2022-10-28,94.64,87.85,87.9,95.77,87.9
2022-10-31,93.3,86.54,86.53,94.83,86.53
2022-11-01,95.12,88.36,88.37,94.65,88.37
2022-11-02,96.07,90.06,90.0,96.16,90.0
2022-11-03,95.29,88.14,88.17,94.67,88.17
2022-11-04,99.53,92.58,92.61,98.57,92.61
2022-11-07,99.87,91.8,91.79,97.92,91.79
2022-11-08,96.85,88.8,88.91,95.36,88.91
2022-11-09,93.05,85.79,85.83,92.65,85.83
2022-11-10,94.25,86.52,86.47,93.67,86.47
2022-11-11,96.37,89.14,88.96,95.99,88.96
2022-11-14,93.59,85.85,85.87,93.14,85.87
2022-11-15,94.3,86.87,86.92,93.86,86.92
2022-11-16,92.61,85.62,85.59,92.86,85.59
2022-11-17,91.0,81.69,81.64,89.78,81.64
2022-11-18,88.93,80.07,80.08,87.62,80.08
2022-11-21,88.44,79.74,79.73,87.45,79.73
2022-11-22,88.65,80.83,80.95,88.36,80.95
2022-11-23,85.9,77.93,77.94,85.41,77.94
2022-11-24,85.59,,,,
2022-11-25,83.4,76.45,76.28,83.63,76.28
2022-11-28,83.5,77.1,77.24,83.19,77.24
2022-11-29,83.22,77.96,78.2,83.03,78.2
2022-11-30,85.61,80.48,80.55,85.43,80.55
2022-12-01,86.28,81.06,81.22,86.88,81.22
2022-12-02,86.54,79.86,79.98,85.57,79.98
2022-12-05,83.36,76.83,76.93,82.68,76.93
2022-12-06,79.92,74.21,74.25,79.35,74.25
2022-12-07,77.11,71.93,72.01,77.17,72.01
2022-12-08,76.02,71.3,71.46,76.15,71.46
2022-12-09,76.37,71.05,71.02,76.1,71.02
2022-12-12,78.0,72.96,73.17,77.99,73.17
2022-12-13,,,75.39,80.68,75.39
2022-12-14,83.33,77.14,77.28,82.7,77.28
2022-12-15,82.34,75.89,76.11,81.21,76.11
2022-12-16,80.2,74.19,74.29,79.04,74.29
2022-12-19,81.66,75.05,75.19,79.8,75.19
2022-12-20,79.45,75.92,76.09,79.99,76.09
2022-12-21,80.25,78.17,78.29,82.2,78.29
2022-12-22,79.58,77.68,77.49,80.98,77.49
2022-12-23,82.45,79.57,79.56,83.92,79.56
2022-12-27,,79.45,79.53,84.33,79.53
2022-12-28,81.7,78.89,78.96,83.26,78.96
2022-12-29,80.96,78.43,78.4,82.26,78.4
2022-12-30,82.82,80.16,80.26,85.91,80.26
2023-01-03,80.36,76.87,76.93,82.1,76.93
2023-01-04,75.31,72.82,72.84,77.84,72.84
2023-01-05,76.73,73.61,73.67,78.69,73.67
2023-01-06,76.41,73.77,73.77,78.57,73.77
2023-01-09,77.5,74.69,74.63,79.65,74.63
2023-01-10,78.4,75.11,75.12,80.1,75.12
2023-01-11,81.11,77.46,77.41,82.67,77.41
2023-01-12,82.59,78.32,78.39,84.03,78.39
2023-01-13,83.43,79.9,79.86,85.28,79.86
2023-01-16,82.65,,,,
2023-01-17,84.38,80.25,80.18,85.92,80.18
2023-01-18,83.78,79.53,79.48,84.98,79.48
2023-01-19,85.08,80.31,80.33,86.16,80.33
2023-01-20,86.96,81.27,81.31,87.63,81.31
2023-01-23,87.54,81.62,81.62,88.19,81.62
2023-01-24,85.25,79.86,80.13,86.13,80.13
2023-01-25,85.08,79.78,80.15,86.12,80.15
2023-01-26,86.29,80.64,81.01,87.47,81.01
2023-01-27,85.36,79.73,79.68,86.66,79.68
2023-01-30,84.9,77.97,77.9,84.9,77.9
2023-01-31,83.42,78.95,78.87,84.49,78.87
2023-02-01,81.61,76.34,76.41,82.84,76.41
2023-02-02,80.57,75.87,75.88,82.17,75.88
2023-02-03,78.85,73.4,73.39,79.94,73.39
2023-02-06,80.48,74.11,74.11,80.99,74.11
2023-02-07,82.92,77.17,77.14,83.69,77.14
2023-02-08,84.17,78.47,78.47,85.09,78.47
2023-02-09,83.46,78.04,78.06,84.5,78.06
2023-02-10,85.46,79.74,79.72,86.39,79.72
2023-02-13,85.98,80.14,80.14,86.61,80.14
2023-02-14,84.96,79.08,79.06,85.58,79.06
2023-02-15,84.11,78.57,78.59,85.38,78.59
2023-02-16,83.84,78.45,78.49,85.14,78.49
2023-02-17,81.97,76.31,76.34,83.0,76.34
2023-02-20,82.79,,,,
2023-02-21,82.14,76.28,76.16,83.05,76.16
2023-02-22,79.55,73.95,73.95,80.6,73.95
2023-02-23,82.08,75.26,75.39,82.21,75.39
2023-02-24,82.31,76.19,76.32,83.16,76.32
2023-02-27,81.24,75.57,75.68,82.45,75.68
2023-02-28,83.21,76.88,77.05,83.89,77.05
2023-03-01,83.68,77.57,77.69,84.31,77.69
2023-03-02,84.15,78.05,78.16,84.75,78.16
2023-03-03,85.74,79.62,79.68,85.83,79.68
2023-03-06,85.86,80.39,80.46,86.18,80.46
2023-03-07,,,77.58,83.29,77.58
2023-03-08,82.1,76.56,76.66,82.66,76.66
2023-03-09,81.0,75.6,75.72,81.59,75.72
2023-03-10,82.3,76.55,76.68,82.78,76.68
2023-03-13,79.67,74.68,74.8,80.77,74.8
2023-03-14,76.77,71.18,71.33,77.45,71.33
2023-03-15,74.3,67.38,67.61,73.69,67.61
2023-03-16,73.12,68.15,68.35,74.7,68.35
2023-03-17,71.03,66.61,66.74,72.97,66.74
2023-03-20,72.42,67.56,67.64,73.79,67.64
2023-03-21,74.78,69.4,69.33,75.32,69.33
2023-03-22,76.08,70.71,70.9,76.69,70.9
2023-03-23,74.31,69.77,69.96,75.91,69.96
2023-03-24,73.63,69.22,69.26,74.99,69.26
2023-03-27,76.8,72.87,72.81,78.12,72.81
2023-03-28,78.07,73.12,73.2,78.65,73.2
2023-03-29,77.51,72.95,72.97,78.28,72.97
2023-03-30,78.45,74.32,74.37,79.27,74.37
2023-03-31,79.19,75.68,75.67,79.77,75.67
2023-04-03,85.81,80.4,80.42,84.93,80.42
2023-04-04,85.7,80.7,80.71,84.94,80.71
2023-04-05,85.89,80.69,80.61,84.99,80.61
2023-04-06,86.56,80.7,80.7,85.12,80.7
2023-04-10,,79.79,79.74,84.18,79.74
2023-04-11,87.32,81.54,81.53,85.61,81.53
2023-04-12,88.31,83.26,83.26,87.33,83.26
2023-04-13,86.51,82.16,82.16,86.09,82.16
2023-04-14,87.31,82.58,82.52,86.31,82.52
2023-04-17,85.63,80.93,80.83,84.76,80.83
2023-04-18,85.48,80.85,80.86,84.77,80.86
2023-04-19,85.34,79.18,79.16,83.12,79.16
2023-04-20,83.29,77.27,77.29,81.1,77.29
2023-04-21,83.36,77.86,77.87,81.66,77.87
2023-04-24,84.23,78.64,78.76,82.73,78.76
2023-04-25,82.13,77.05,77.07,80.77,77.07
2023-04-26,79.19,74.33,74.3,77.69,74.3
2023-04-27,80.11,74.77,74.76,78.37,74.76
2023-04-28,81.32,76.78,76.78,79.54,76.78
2023-05-01,,75.65,75.66,79.31,75.66
2023-05-02,76.71,71.71,71.66,75.32,71.66
2023-05-03,72.91,68.62,68.6,72.33,68.6
2023-05-04,73.0,68.52,68.56,72.5,68.56
2023-05-05,75.85,71.32,71.34,75.3,71.34
2023-05-08,,73.13,73.16,77.01,73.16
2023-05-09,77.76,73.68,73.71,77.44,73.71
2023-05-10,76.7,72.53,72.56,76.41,72.56
2023-05-11,75.32,70.81,70.87,74.98,70.87
2023-05-12,74.54,70.02,70.04,74.17,70.04
2023-05-15,75.46,71.07,71.11,75.23,71.11
2023-05-16,75.15,70.85,70.86,74.91,70.86
2023-05-17,76.98,72.78,72.83,76.96,72.83
2023-05-18,75.75,71.82,71.86,75.86,71.86
2023-05-19,75.42,71.57,71.55,75.58,71.55
2023-05-22,75.77,71.81,71.99,75.99,71.99
2023-05-23,76.66,72.87,72.91,76.84,72.91
2023-05-24,77.99,74.37,74.34,78.36,74.34
2023-05-25,75.66,71.68,71.83,76.26,71.83
2023-05-26,76.33,72.35,72.67,76.95,72.67
2023-05-30,73.38,69.45,69.46,73.54,69.46
2023-05-31,71.98,68.11,68.09,72.66,68.09
2023-06-01,74.18,70.09,70.1,74.28,70.1
2023-06-02,76.0,71.76,71.74,76.13,71.74
2023-06-05,76.61,72.14,72.15,76.71,72.15
2023-06-06,76.22,71.71,71.74,76.29,71.74
2023-06-07,76.85,72.52,72.53,76.95,72.53
2023-06-08,75.88,71.28,71.29,75.96,71.29
2023-06-09,74.74,70.16,70.17,74.79,70.17
2023-06-12,71.8,67.08,67.12,71.84,67.12
2023-06-13,74.24,69.39,69.42,74.29,69.42
2023-06-14,73.39,68.22,68.27,73.2,68.27
2023-06-15,75.75,70.61,70.62,75.67,70.62
2023-06-16,76.76,71.81,71.78,76.61,71.78
2023-06-19,76.09,,,,
2023-06-20,75.79,70.94,70.5,75.9,70.5
2023-06-21,76.92,72.55,72.53,77.12,72.53
2023-06-22,73.93,69.22,69.51,74.14,69.51
2023-06-23,73.56,68.91,69.16,73.85,69.16
2023-06-26,73.86,69.09,69.37,74.18,69.37
2023-06-27,71.88,67.68,67.7,72.26,67.7
2023-06-28,73.64,69.54,69.56,74.03,69.56
2023-06-29,73.86,69.85,69.86,74.34,69.86
2023-06-30,74.51,70.66,70.64,74.9,70.64
2023-07-03,74.52,69.71,69.79,74.65,69.79
2023-07-04,76.23,,,,
2023-07-05,76.74,71.78,71.79,76.65,71.79
2023-07-06,76.72,71.76,71.8,76.52,71.8
2023-07-07,78.77,73.91,73.86,78.47,73.86
2023-07-10,77.83,73.05,72.99,77.69,72.99
2023-07-11,79.54,74.87,74.83,79.4,74.83
2023-07-12,80.35,75.77,75.75,80.11,75.75
2023-07-13,81.31,76.86,76.89,81.36,76.89
2023-07-14,79.9,75.44,75.42,79.87,75.42
2023-07-17,77.8,74.17,74.15,78.5,74.15
2023-07-18,79.54,75.76,75.75,79.63,75.75
2023-07-19,79.38,75.4,75.35,79.46,75.35
2023-07-20,79.62,75.65,75.63,79.64,75.63
2023-07-21,81.06,77.06,77.07,81.07,77.07
2023-07-24,82.53,78.81,78.74,82.74,78.74
2023-07-25,83.46,79.76,79.63,83.64,79.63
2023-07-26,82.98,79.11,78.78,82.92,78.78
2023-07-27,84.28,80.17,80.09,84.24,80.09
2023-07-28,84.49,80.55,80.58,84.99,80.58
2023-07-31,85.22,81.8,81.8,85.56,81.8
2023-08-01,85.34,81.37,81.37,84.91,81.37
2023-08-02,84.01,79.5,79.49,83.2,79.49
2023-08-03,86.19,81.56,81.55,85.14,81.55
2023-08-04,87.38,82.76,82.82,86.24,82.82
2023-08-07,86.47,81.94,81.94,85.34,81.94
2023-08-08,88.0,82.94,82.92,86.17,82.92
2023-08-09,89.31,84.35,84.4,87.55,84.4
2023-08-10,87.44,82.81,82.82,86.4,82.82
2023-08-11,87.93,83.17,83.19,86.81,83.19
2023-08-14,87.4,82.5,82.51,86.21,82.51
2023-08-15,86.28,81.06,80.99,84.89,80.99
2023-08-16,84.49,79.4,79.38,83.45,79.38
2023-08-17,85.24,80.43,80.39,84.12,80.39
2023-08-18,85.92,81.25,81.25,84.8,81.25
2023-08-21,85.44,80.71,80.72,84.46,80.72
2023-08-22,84.7,80.25,80.35,84.03,80.35
2023-08-23,83.94,78.91,78.89,83.21,78.89
2023-08-24,84.07,79.52,79.05,83.36,79.05
2023-08-25,85.42,80.47,79.83,84.48,79.83
2023-08-28,,80.65,80.1,84.42,80.1
2023-08-29,86.37,81.14,81.16,85.49,81.16
2023-08-30,86.62,81.64,81.63,85.86,81.63
2023-08-31,87.29,83.55,83.63,86.86,83.63
2023-09-01,89.98,85.52,85.55,88.55,85.55
2023-09-04,90.42,,,,
2023-09-05,91.25,86.74,86.69,90.04,86.69
2023-09-06,91.79,87.55,87.54,90.6,87.54
2023-09-07,91.16,86.87,86.87,89.92,86.87
2023-09-08,91.85,87.51,87.51,90.65,87.51
2023-09-11,91.97,87.3,87.29,90.64,87.29
2023-09-12,93.58,88.87,88.84,92.06,88.84
2023-09-13,93.04,88.59,88.52,91.88,88.52
2023-09-14,95.2,90.13,90.16,93.7,90.16
2023-09-15,95.55,90.83,90.77,93.93,90.77
2023-09-18,95.95,91.47,91.48,94.43,91.48
2023-09-19,96.11,91.16,91.2,94.34,91.2
2023-09-20,94.56,89.2,90.28,93.53,90.28
2023-09-21,93.7,89.56,89.63,93.3,89.63
2023-09-22,93.99,90.0,90.03,93.27,90.03
2023-09-25,94.01,89.68,89.68,93.29,89.68
2023-09-26,94.46,91.43,90.39,93.96,90.39
2023-09-27,97.1,93.67,93.68,96.55,93.68
2023-09-28,96.64,91.65,91.71,95.38,91.71
2023-09-29,95.86,90.77,90.79,95.31,90.79
2023-10-02,91.21,88.81,88.82,90.71,88.82
2023-10-03,94.46,89.26,89.23,90.92,89.23
2023-10-04,89.83,84.32,84.22,85.81,84.22
2023-10-05,88.28,82.3,82.31,84.07,82.31
2023-10-06,87.86,82.83,82.79,84.58,82.79
2023-10-09,91.37,,86.38,88.15,86.38
2023-10-10,90.7,85.89,85.97,87.65,85.97
2023-10-11,87.58,83.7,83.49,85.82,83.49
2023-10-12,88.4,82.87,82.91,86.0,82.91
2023-10-13,94.33,87.67,87.69,90.89,87.69
2023-10-16,90.99,86.65,86.66,89.65,86.66
2023-10-17,92.52,86.66,86.66,89.9,86.66
2023-10-18,91.99,88.35,88.32,91.5,88.32
2023-10-19,93.12,89.35,89.37,92.38,89.37
2023-10-20,93.72,89.12,88.75,92.16,88.75
2023-10-23,91.88,85.49,85.49,89.83,85.49
2023-10-24,88.0,84.58,83.74,88.07,83.74
2023-10-25,90.14,86.07,85.39,90.13,85.39
2023-10-26,88.45,83.8,83.21,87.93,83.21
2023-10-27,90.73,86.04,85.54,90.48,85.54
2023-10-30,90.73,83.03,82.31,87.45,82.31
2023-10-31,86.82,81.64,81.02,87.41,81.02
2023-11-01,86.92,81.05,80.44,84.63,80.44
2023-11-02,89.02,83.04,82.46,86.85,82.46
2023-11-03,87.55,81.19,80.51,84.89,80.51
2023-11-06,87.31,81.54,80.82,85.18,80.82
2023-11-07,83.43,77.96,77.37,81.61,77.37
2023-11-08,81.46,75.85,75.33,79.54,75.33
2023-11-09,81.74,76.34,75.74,80.01,75.74
2023-11-10,83.66,,77.17,81.43,77.17
2023-11-13,84.09,78.86,78.26,82.52,78.26
2023-11-14,84.2,78.9,78.26,82.47,78.26
2023-11-15,82.4,77.15,76.66,81.18,76.66
2023-11-16,77.73,73.5,72.9,77.42,72.9
2023-11-17,81.22,76.47,75.89,80.61,75.89
2023-11-20,83.25,78.1,77.6,82.32,77.6
2023-11-21,82.42,78.35,77.77,82.45,77.77
2023-11-22,81.76,76.8,77.1,81.96,77.1
2023-11-23,80.85,,,81.37,
2023-11-24,79.82,74.83,75.54,80.58,75.54
2023-11-27,79.49,74.46,74.86,79.98,74.86
2023-11-28,81.66,76.09,76.41,81.68,76.41
2023-11-29,82.98,77.56,77.86,83.1,77.86
2023-11-30,81.72,75.66,75.96,82.83,75.96
2023-12-01,78.72,73.7,74.07,78.88,74.07
2023-12-04,78.16,72.73,73.04,78.03,73.04
2023-12-05,77.27,71.95,72.32,77.2,72.32
2023-12-06,74.33,68.98,69.38,74.3,69.38
2023-12-07,74.21,69.0,69.34,74.05,69.34
2023-12-08,75.94,70.87,71.23,75.84,71.23
2023-12-11,75.75,70.95,71.32,76.03,71.32
2023-12-12,74.11,68.27,68.61,73.24,68.61
2023-12-13,74.14,69.09,69.47,74.26,69.47
2023-12-14,77.05,71.21,71.58,76.61,71.58
2023-12-15,76.84,71.05,71.43,76.55,71.43
2023-12-18,78.89,72.16,72.47,77.95,72.47
2023-12-19,79.82,73.23,73.44,79.23,73.44
2023-12-20,81.1,73.87,74.22,79.7,74.22
2023-12-21,80.73,73.59,73.89,79.39,73.89
2023-12-22,80.23,73.29,73.56,79.07,73.56
2023-12-26,,75.84,75.57,81.07,75.57
2023-12-27,80.97,74.31,74.11,79.65,74.11
2023-12-28,79.04,72.02,71.77,78.39,71.77
2023-12-29,77.69,71.89,71.65,77.04,71.65
2024-01-02,76.24,70.62,70.38,75.89,70.38
2024-01-03,77.18,72.97,72.7,78.25,72.7
2024-01-04,75.79,72.38,72.19,77.59,72.19
2024-01-05,78.31,74.0,73.81,78.76,73.81
2024-01-08,75.47,71.06,70.77,76.12,70.77
2024-01-09,77.97,72.43,72.24,77.59,72.24
2024-01-10,78.46,71.57,71.37,76.8,71.37
2024-01-11,80.21,72.15,72.02,77.41,72.02
2024-01-12,79.89,72.94,72.68,78.29,72.68
2024-01-15,79.76,,,,
2024-01-16,80.15,72.63,72.4,78.29,72.4
2024-01-17,78.88,72.79,72.56,77.88,72.56
2024-01-18,81.04,74.32,74.08,79.1,74.08
2024-01-19,80.71,73.69,73.41,78.56,73.41
2024-01-22,81.7,75.26,75.19,80.06,75.19
2024-01-23,82.04,74.72,74.37,79.55,74.37
2024-01-24,82.15,75.48,75.09,80.04,75.09
2024-01-25,82.33,77.91,77.36,82.43,77.36
2024-01-26,83.34,78.45,78.01,83.55,78.01
2024-01-29,83.99,77.25,76.78,82.4,76.78
2024-01-30,84.14,78.3,77.82,82.87,77.82
2024-01-31,82.98,76.28,75.85,81.71,75.85
2024-02-01,82.2,74.36,73.82,78.7,73.82
2024-02-02,79.54,72.72,72.28,77.33,72.28
2024-02-05,79.3,73.21,72.78,77.99,72.78
2024-02-06,,,73.31,78.59,73.31
2024-02-07,81.18,74.26,73.86,79.21,73.86
2024-02-08,83.01,76.67,76.22,81.63,76.22
2024-02-09,83.58,77.26,76.84,82.19,76.84
2024-02-12,83.88,77.34,76.92,82.0,76.92
2024-02-13,84.72,78.28,77.87,82.77,77.87
2024-02-14,84.41,77.09,76.64,81.6,76.64
2024-02-15,84.33,78.47,78.03,82.86,78.03
2024-02-16,84.88,79.65,79.19,83.47,79.19
2024-02-19,85.52,,,,
2024-02-20,84.78,78.72,78.18,82.34,78.18
2024-02-21,84.77,78.89,77.91,83.03,77.91
2024-02-22,85.84,79.64,78.61,83.67,78.61
2024-02-23,84.18,77.6,76.49,81.62,76.49
2024-02-26,84.01,78.53,77.58,82.53,77.58
2024-02-27,83.8,79.8,78.87,83.65,78.87
2024-02-28,84.08,79.44,78.54,83.68,78.54
2024-02-29,84.57,79.22,78.26,83.62,78.26
2024-03-01,84.82,80.9,79.97,83.55,79.97
2024-03-04,86.58,79.67,78.74,82.8,78.74
2024-03-05,85.82,79.11,78.15,82.04,78.15
2024-03-06,86.59,80.08,79.13,82.96,79.13
2024-03-07,84.88,79.81,78.93,82.96,78.93
2024-03-08,84.29,78.96,78.01,82.08,78.01
2024-03-11,83.44,78.87,77.93,82.21,77.93
2024-03-12,83.66,78.51,77.56,81.92,77.56
2024-03-13,83.95,80.67,79.72,84.03,79.72
2024-03-14,86.16,82.16,81.26,85.42,81.26
2024-03-15,85.39,81.94,81.04,85.34,81.04
2024-03-18,86.47,83.68,82.72,86.89,82.72
2024-03-19,87.36,84.39,83.47,87.38,83.47
2024-03-20,85.77,82.79,81.68,85.95,81.68
2024-03-21,84.92,81.99,81.07,85.78,81.07
2024-03-22,84.87,81.1,80.63,85.43,80.63
2024-03-25,86.18,82.41,81.95,86.75,81.95
2024-03-26,85.91,82.41,81.62,86.25,81.62
2024-03-27,84.94,82.15,81.35,86.09,81.35
2024-03-28,86.17,83.96,83.17,87.48,83.17
2024-04-01,,84.54,83.71,87.42,83.71
2024-04-02,87.63,85.95,85.15,88.92,85.15
2024-04-03,90.6,86.22,85.43,89.35,85.43
2024-04-04,90.32,87.37,86.59,90.65,86.59
2024-04-05,92.81,87.69,86.91,91.17,86.91
2024-04-08,91.73,87.24,,90.38,86.43
2024-04-09,92.13,86.04,,89.42,85.23
2024-04-10,91.57,86.98,,90.48,86.21
2024-04-11,91.49,85.79,,89.74,85.02
2024-04-12,93.12,86.46,,90.45,85.66
2024-04-15,90.84,86.21,,90.1,85.41
2024-04-16,,,,90.02,85.36
2024-04-17,89.54,83.58,,87.29,82.69
2024-04-18,88.34,83.5,,87.11,82.73
2024-04-19,87.96,83.79,,87.29,83.14
2024-04-22,87.3,83.82,,87.0,82.85
2024-04-23,88.29,84.17,,88.42,83.36
2024-04-24,89.02,84.09,,88.02,82.81
2024-04-25,88.1,84.92,,89.01,83.57
2024-04-26,89.95,85.38,,89.5,83.85
2024-04-29,88.44,84.26,,88.4,82.63
2024-04-30,88.23,83.49,,87.86,81.93
2024-05-01,83.55,80.7,,83.44,79.0
2024-05-02,84.81,80.59,,83.67,78.95
2024-05-03,83.6,79.65,,82.96,78.11
2024-05-06,,80.1,,83.33,78.48
2024-05-07,82.69,79.97,,83.16,78.38
2024-05-08,82.44,80.57,,83.58,78.99
2024-05-09,83.27,80.86,,83.88,79.26
2024-05-10,83.39,79.81,,82.79,78.26
2024-05-13,83.18,80.71,,83.36,79.12
2024-05-14,81.0,79.62,,82.38,78.02
2024-05-15,79.98,80.23,,82.75,78.63
2024-05-16,81.65,80.85,,83.27,79.23
2024-05-17,82.24,81.66,,83.98,80.06
2024-05-20,81.91,81.39,,83.71,79.8
2024-05-21,81.22,80.66,,82.88,79.26
2024-05-22,79.9,79.15,,81.9,77.57
2024-05-23,79.25,77.47,,81.36,76.87
2024-05-24,78.92,78.48,,82.12,77.72
2024-05-28,81.34,80.9,,84.22,79.83
2024-05-29,81.5,80.24,,83.6,79.23
2024-05-30,81.42,78.96,,81.86,77.91
2024-05-31,79.41,77.97,,81.62,76.99
2024-06-03,76.45,75.26,,78.36,74.22
2024-06-04,75.33,74.27,,77.52,73.25
2024-06-05,75.41,75.08,,78.41,74.07
2024-06-06,77.62,76.52,,79.87,75.55
2024-06-07,78.12,76.53,,79.62,75.53
2024-06-10,79.59,78.75,,81.63,77.74
2024-06-11,80.15,78.88,,81.92,77.9
2024-06-12,80.52,79.56,,82.6,78.5
2024-06-13,81.44,79.61,,82.75,78.62
2024-06-14,81.49,79.41,,82.62,78.45
2024-06-17,82.45,81.33,,84.25,80.33
2024-06-18,84.79,82.67,,85.33,81.57
2024-06-19,85.64,,,,
2024-06-20,85.92,83.34,,85.71,82.17
2024-06-21,86.42,81.71,,85.24,80.73
2024-06-24,86.75,82.63,,86.01,81.63
2024-06-25,86.81,81.97,,85.01,80.83
2024-06-26,85.76,82.19,,85.25,80.9
2024-06-27,87.0,83.04,,86.39,81.74
2024-06-28,87.26,82.83,,86.41,81.54
2024-07-01,86.57,84.7,,86.6,83.38
2024-07-02,88.28,84.09,,86.24,82.81
2024-07-03,88.25,85.19,,87.34,83.88
2024-07-04,88.34,,,,
2024-07-05,88.66,84.44,,86.54,83.16
2024-07-08,87.15,83.63,,85.75,82.33
2024-07-09,86.48,82.78,,84.66,81.41
2024-07-10,86.55,83.39,,85.08,82.1
2024-07-11,86.49,83.92,,85.4,82.62
2024-07-12,87.35,83.49,,85.03,82.21
2024-07-15,86.42,83.22,,84.85,81.91
2024-07-16,86.6,81.92,,83.73,80.76
2024-07-17,85.76,84.16,,85.08,82.85
2024-07-18,86.26,84.17,,85.11,82.82
2024-07-19,85.19,81.43,,82.63,80.13
2024-07-22,83.44,81.25,,82.4,79.78
2024-07-23,82.2,78.24,,81.01,76.96
2024-07-24,83.01,78.78,,81.71,77.59
2024-07-25,82.58,79.43,,82.37,78.28
2024-07-26,81.35,78.58,,81.13,77.16
2024-07-29,80.94,77.27,,79.78,75.81
2024-07-30,79.26,76.17,,78.63,74.73
2024-07-31,81.39,79.36,,80.72,77.91
2024-08-01,81.37,77.74,,79.52,76.31
2024-08-02,78.35,74.99,,76.81,73.52
2024-08-05,77.51,74.46,,76.3,72.94
2024-08-06,76.62,74.6,,76.48,73.2
2024-08-07,78.26,76.68,,78.33,75.23
2024-08-08,80.76,77.64,,79.16,76.19
2024-08-09,81.07,78.28,,79.66,76.84
2024-08-12,83.06,81.45,,82.3,80.06
2024-08-13,82.51,79.81,,80.69,78.35
2024-08-14,82.15,78.47,,79.76,76.98
2024-08-15,83.09,79.66,,81.04,78.16
2024-08-16,81.56,78.05,,79.68,76.65
2024-08-19,81.09,75.82,,77.66,74.37
2024-08-20,78.85,75.27,,77.2,74.04
2024-08-21,78.77,72.76,,76.05,71.93
2024-08-22,78.8,73.72,,77.22,73.01
2024-08-23,80.34,75.82,,79.02,74.83
2024-08-26,,78.4,,81.43,77.42
2024-08-27,81.51,76.5,,79.55,75.53
2024-08-28,80.04,75.49,,78.65,74.52
2024-08-29,81.55,76.9,,79.94,75.91
2024-08-30,80.2,74.52,,78.8,73.55
2024-09-02,77.82,,,,
2024-09-03,76.46,71.28,,73.75,70.34
2024-09-04,74.67,70.11,,72.7,69.2
2024-09-05,74.47,70.09,,72.69,69.15
2024-09-06,72.82,68.58,,71.06,67.67
2024-09-09,72.37,69.65,,71.84,68.71
2024-09-10,70.34,66.73,,69.19,65.75
2024-09-11,70.31,68.25,,70.61,67.31
2024-09-12,73.81,69.89,,71.97,68.97
2024-09-13,73.68,69.59,,71.61,68.65
2024-09-16,73.96,71.1,,72.75,70.09
2024-09-17,74.55,72.16,,73.7,71.19
2024-09-18,74.52,71.87,,73.65,70.91
2024-09-19,75.93,72.86,,74.88,71.95
2024-09-20,75.96,72.72,,74.49,71.92
2024-09-23,74.95,71.33,,73.9,70.37
2024-09-24,75.29,72.34,,75.17,71.56
2024-09-25,75.4,70.42,,73.46,69.69
2024-09-26,73.06,68.28,,71.6,67.67
2024-09-27,71.63,68.72,,71.98,68.18
2024-09-30,72.35,68.75,,71.77,68.17
2024-10-01,75.3,70.41,,73.56,69.83
2024-10-02,74.86,70.74,,73.9,70.1
2024-10-03,77.57,74.33,,77.62,73.71
2024-10-04,79.32,74.93,,78.05,74.38
2024-10-07,81.74,77.76,,80.93,77.14
2024-10-08,78.19,74.26,,77.18,73.57
2024-10-09,77.06,73.85,,76.58,73.24
2024-10-10,79.45,76.46,,79.4,75.85
2024-10-11,80.27,76.11,,79.04,75.56
2024-10-14,78.47,76.11,,77.46,73.83
2024-10-15,73.68,71.22,,74.25,70.58
2024-10-16,73.65,70.97,,74.22,70.39
2024-10-17,74.37,71.26,,74.45,70.67
2024-10-18,72.75,69.78,,73.06,69.22
2024-10-21,73.29,71.16,,74.29,70.56
2024-10-22,75.59,72.84,,76.04,72.09
2024-10-23,74.68,71.37,,74.96,70.77
2024-10-24,74.27,70.58,,74.38,70.19
2024-10-25,75.62,72.02,,76.05,71.78
2024-10-28,71.87,67.65,,71.42,67.38
2024-10-29,71.09,67.48,,71.12,67.21
2024-10-30,73.21,68.91,,72.55,68.61
2024-10-31,73.25,69.58,,73.16,69.26
2024-11-01,73.63,69.81,,73.1,69.49
2024-11-04,74.89,71.83,,75.08,71.47
2024-11-05,76.98,72.26,,75.53,71.99
2024-11-06,76.52,71.98,,74.92,71.69
2024-11-07,75.73,72.69,,75.63,72.36
2024-11-08,74.04,70.69,,73.87,70.38
2024-11-11,72.19,70.69,,71.83,68.04
2024-11-12,72.56,68.43,,71.89,68.12
2024-11-13,72.86,68.76,,72.28,68.43
2024-11-14,73.39,68.99,,72.56,68.7
2024-11-15,73.45,67.33,,71.04,67.02
2024-11-18,74.35,69.46,,73.3,69.16
2024-11-19,74.32,69.75,,73.31,69.39
2024-11-20,74.33,69.25,,72.81,68.87
2024-11-21,75.09,70.39,,74.23,70.1
2024-11-22,76.1,71.68,,75.17,71.24
2024-11-25,74.27,69.41,,73.01,68.94
2024-11-26,74.56,69.05,,72.81,68.77
2024-11-27,73.91,69.03,,72.83,68.72
2024-11-28,73.92,,,,
2024-11-29,74.16,68.26,,72.94,68.0
2024-12-02,72.81,68.35,,71.83,68.1
2024-12-03,74.8,70.15,,73.62,69.94
2024-12-04,74.68,68.81,,72.31,68.54
2024-12-05,73.78,68.58,,72.09,68.3
2024-12-06,73.78,68.58,,71.12,67.2
2024-12-09,73.73,68.65,,72.14,68.37
2024-12-10,73.64,68.85,,72.19,68.59
2024-12-11,74.38,70.57,,73.52,70.29
2024-12-12,73.52,70.25,,73.41,70.02
2024-12-13,74.89,71.54,,74.49,71.29
2024-12-16,74.3,71.03,,73.91,70.71
2024-12-17,73.16,70.31,,73.19,70.08
2024-12-18,74.57,70.8,,73.39,70.58
2024-12-19,73.75,70.1,,72.88,69.91
2024-12-20,73.19,69.71,,72.94,69.46
2024-12-23,72.12,69.5,,72.63,69.24
2024-12-24,73.5,70.87,,73.58,70.1
2024-12-25,73.5,,,,
2024-12-26,,70.38,,73.26,69.62
2024-12-27,73.77,71.28,,74.17,70.6
2024-12-30,74.24,71.73,,74.39,70.99
2024-12-31,74.58,72.44,,74.64,71.72
2025-01-02,76.14,73.79,,75.93,73.13
2025-01-03,76.72,74.64,,76.51,73.96
2025-01-06,77.27,74.31,,76.3,73.56
2025-01-07,77.84,74.99,,77.05,74.25
2025-01-08,77.37,73.99,,76.16,73.32
2025-01-09,78.44,,,76.92,73.92
2025-01-10,79.76,77.27,,79.76,76.57
2025-01-13,82.69,79.57,,81.01,78.82
2025-01-14,82.39,78.2,,79.92,77.5
2025-01-15,83.48,80.73,,82.03,80.04
2025-01-16,82.39,79.35,,81.29,78.68
2025-01-17,83.02,78.56,,80.79,77.88
2025-01-20,81.68,,,,
2025-01-21,80.57,76.79,,79.29,75.89
2025-01-22,80.0,76.12,,79.0,75.44
2025-01-23,78.62,75.03,,78.29,74.62
2025-01-24,78.71,74.97,,78.5,74.66
2025-01-27,77.3,73.51,,77.08,73.17
2025-01-28,78.01,74.15,,77.49,73.77
2025-01-29,77.02,72.94,,76.58,72.62
2025-01-30,77.42,73.1,,76.87,72.73
2025-01-31,77.11,72.84,,76.76,72.53
2025-02-03,76.49,73.52,,75.96,73.16
2025-02-04,76.58,73.04,,76.2,72.7
2025-02-05,74.71,71.39,,74.61,71.03
2025-02-06,74.54,70.97,,74.29,70.61
2025-02-07,74.68,71.32,,74.66,71.0
2025-02-10,76.23,72.73,,75.87,72.32
2025-02-11,77.65,73.67,,77.0,73.32
2025-02-12,75.38,71.72,,75.18,71.37
2025-02-13,75.61,71.66,,75.02,71.29
2025-02-14,75.19,71.05,,74.74,70.74
2025-02-17,75.81,,,,
2025-02-18,76.46,72.21,,75.84,71.85
2025-02-19,76.34,72.58,,76.04,72.25
2025-02-20,76.95,72.88,,76.48,72.57
2025-02-21,74.88,70.72,,74.43,70.4
2025-02-24,74.89,71.06,,74.78,70.7
2025-02-25,73.11,69.15,,73.02,68.93
2025-02-26,73.49,68.87,,72.53,68.62
2025-02-27,75.01,70.62,,74.04,70.35
2025-02-28,74.76,69.97,,73.18,69.76
2025-03-03,72.85,68.63,,71.62,68.37
2025-03-04,72.31,68.47,,71.04,68.26
2025-03-05,70.92,66.58,,69.3,66.31
2025-03-06,71.08,66.62,,69.46,66.36
2025-03-07,72.49,67.29,,70.36,67.04
2025-03-10,71.08,66.31,,69.28,66.03
2025-03-11,71.51,66.52,,69.56,66.25
2025-03-12,72.36,67.65,,70.95,67.68
2025-03-13,70.82,66.82,,69.88,66.55
2025-03-14,71.94,67.43,,70.58,67.18
2025-03-17,71.93,67.84,,71.07,67.58
2025-03-18,71.93,67.49,,70.56,66.9
2025-03-19,71.94,67.4,,70.78,67.16
2025-03-20,72.61,68.55,,72.0,68.26
2025-03-21,72.64,68.52,,72.16,68.28
2025-03-24,73.96,69.46,,73.0,69.11
2025-03-25,73.78,69.48,,73.02,69.0
2025-03-26,74.6,70.05,,73.79,69.65
2025-03-27,74.72,70.3,,74.03,69.92
2025-03-28,74.69,69.74,,73.63,69.36
2025-03-31,77.23,71.87,,74.74,71.48
2025-04-01,77.78,71.61,,74.49,71.2
2025-04-02,77.27,72.12,,74.95,71.71
2025-04-03,72.54,67.43,,70.14,66.95
2025-04-04,68.36,62.42,,65.58,61.99
2025-04-07,66.13,61.05,,64.21,60.7
2025-04-08,64.86,60.04,,62.82,59.58
2025-04-09,67.3,62.63,,65.48,62.35
2025-04-10,65.37,60.57,,63.33,60.07
2025-04-11,66.83,61.91,,64.76,61.5
2025-04-14,67.18,61.99,,64.88,61.53
2025-04-15,66.58,61.74,,64.67,61.33
2025-04-16,67.94,62.88,,65.85,62.47
2025-04-17,69.33,65.07,,67.96,64.68
2025-04-21,,63.48,,66.26,63.08
2025-04-22,68.93,64.6,,67.44,64.31
2025-04-23,68.26,62.64,,66.12,62.27
2025-04-24,67.5,63.55,,66.55,62.79
2025-04-25,66.99,63.85,,66.87,63.02
2025-04-28,66.13,63.3,,65.86,62.05
2025-04-29,64.04,61.84,,64.25,60.42
2025-04-30,63.37,59.55,,63.12,58.21
2025-05-01,62.37,60.59,,62.13,59.24
2025-05-02,61.57,59.67,,61.29,58.29
2025-05-05,,58.5,,60.23,57.13
2025-05-06,62.37,60.42,,62.15,59.09
2025-05-07,60.31,59.42,,61.12,58.07
2025-05-08,62.22,61.25,,62.84,59.91
2025-05-09,64.26,62.37,,63.91,61.02
2025-05-12,65.28,63.32,,64.96,61.95
2025-05-13,66.93,65.04,,66.63,63.67
2025-05-14,65.91,64.48,,66.09,63.15
2025-05-15,64.36,63.03,,64.53,61.62
2025-05-16,65.2,63.84,,65.41,62.49
2025-05-19,66.25,63.98,,65.54,62.69
2025-05-20,66.93,63.97,,65.38,62.56
2025-05-21,65.86,62.93,,64.91,61.57
2025-05-22,64.87,62.55,,64.44,61.2
2025-05-23,65.41,62.89,,64.78,61.53
2025-05-27,64.32,61.61,,64.09,60.89
2025-05-28,65.72,62.54,,64.9,61.84
2025-05-29,64.6,61.66,,64.15,60.94
2025-05-30,64.32,61.46,,63.9,60.79
2025-06-02,66.55,63.27,,64.63,62.52
2025-06-03,67.48,64.1,,65.63,63.41
2025-06-04,66.69,63.57,,64.86,62.85
2025-06-05,67.14,64.06,,65.34,63.37
2025-06-06,68.02,65.3,,66.47,64.58
2025-06-09,68.73,65.99,,67.04,65.29
2025-06-10,68.41,65.66,,66.87,64.98
2025-06-11,71.29,68.91,,69.77,68.15
2025-06-12,70.84,68.73,,69.36,68.04
2025-06-13,76.0,73.84,,74.23,72.98
2025-06-16,75.05,72.53,,73.23,71.77
2025-06-17,78.7,75.62,,76.45,74.84
2025-06-18,78.38,75.89,,76.7,75.14
2025-06-19,80.37,,,,
2025-06-20,78.73,75.72,,77.01,74.93
2025-06-23,74.34,69.36,,71.48,68.51
2025-06-24,69.13,65.45,,67.14,64.37
2025-06-25,68.4,65.98,,67.68,64.92
2025-06-26,68.57,66.44,,67.73,65.24
2025-06-27,69.37,66.66,,67.77,65.52
2025-06-30,68.15,66.3,,67.61,65.11
2025-07-01,67.63,66.64,,67.11,65.45
2025-07-02,70.8,68.66,,69.11,67.45
2025-07-03,70.42,68.13,,68.8,67.0
2025-07-04,71.03,,,68.29,66.5
2025-07-07,71.95,69.16,,69.58,67.93
2025-07-08,72.5,69.55,,70.15,68.33
2025-07-09,71.98,69.61,,70.19,68.38
2025-07-10,70.38,67.78,,68.64,66.57
2025-07-11,72.06,69.63,,70.36,68.45
2025-07-14,70.96,68.19,,69.21,66.98
2025-07-15,70.27,67.76,,68.71,66.52
2025-07-16,69.67,67.13,,68.52,66.38
2025-07-17,71.32,68.76,,69.52,67.54
2025-07-18,71.06,68.53,,69.28,67.34
2025-07-21,71.92,68.39,,69.21,67.2
2025-07-22,69.69,67.56,,68.59,66.21
2025-07-23,69.17,66.05,,68.51,65.25
2025-07-24,70.42,67.16,,69.18,66.03
2025-07-25,69.23,66.38,,68.44,65.16
2025-07-28,70.87,67.81,,70.04,66.71
2025-07-29,73.21,70.27,,72.51,69.21
2025-07-30,73.98,71.09,,73.24,70.0
2025-07-31,73.43,70.36,,72.53,69.26
2025-08-01,70.55,68.39,,69.67,67.33
2025-08-04,69.56,67.33,,68.76,66.29
2025-08-05,69.14,66.2,,67.64,65.16
2025-08-06,67.97,65.38,,66.89,64.35
2025-08-07,66.99,64.9,,66.43,63.88
2025-08-08,67.17,64.94,,66.59,63.88
2025-08-11,67.36,65.03,,66.63,63.96
2025-08-12,66.8,64.22,,66.12,63.17
2025-08-13,66.25,63.68,,65.63,62.65
2025-08-14,68.12,64.99,,66.84,63.96
2025-08-15,67.3,63.78,,65.85,62.8
2025-08-18,68.18,64.51,,66.6,63.42
2025-08-19,66.62,63.38,,65.79,62.35
2025-08-20,67.61,64.19,,66.84,63.21
2025-08-21,68.41,64.56,,67.67,63.52
2025-08-22,68.29,64.08,,67.73,63.66
2025-08-25,,65.18,,68.8,64.8
2025-08-26,66.89,63.6,,67.22,63.25
2025-08-27,67.75,64.49,,68.05,64.15
2025-08-28,68.61,64.96,,68.62,64.6
2025-08-29,67.83,64.36,,68.12,64.01
2025-09-01,67.09,,,,
2025-09-02,68.09,65.95,,69.14,65.59
2025-09-03,67.76,64.36,,67.6,63.97
2025-09-04,66.41,63.81,,66.99,63.48
2025-09-05,64.92,62.22,,65.5,61.87
2025-09-08,65.44,62.6,,66.02,62.26
2025-09-09,67.97,62.97,,66.39,62.63
2025-09-10,67.62,64.01,,67.49,63.67
2025-09-11,67.25,62.71,,66.37,62.37
2025-09-12,67.87,63.02,,66.99,62.69
2025-09-15,67.88,63.66,,67.44,63.3
2025-09-16,69.69,64.89,,68.47,64.52
2025-09-17,69.19,64.41,,67.95,64.05
2025-09-18,67.83,63.91,,67.44,63.57
2025-09-19,67.05,63.02,,66.68,62.68
2025-09-22,66.87,62.99,,66.57,62.64
2025-09-23,67.96,63.76,,67.63,63.41
2025-09-24,69.64,65.4,,69.31,64.99
2025-09-25,70.48,65.51,,69.42,64.98
2025-09-26,71.15,66.5,,70.13,65.72
2025-09-29,69.0,64.27,,67.97,63.45
2025-09-30,68.52,63.17,,67.02,62.37
2025-10-01,66.67,62.59,,65.35,61.78
2025-10-02,65.44,61.28,,64.11,60.48
2025-10-03,66.13,61.65,,64.53,60.88
2025-10-06,67.09,62.49,,65.47,61.69
2025-10-07,67.1,62.52,,65.45,61.73
2025-10-08,67.42,63.37,,66.25,62.55
2025-10-09,67.23,62.36,,65.22,61.51
2025-10-10,64.41,59.75,,62.73,58.9
2025-10-13,64.15,,,63.32,59.49
2025-10-14,63.0,59.52,,62.39,58.7
2025-10-15,62.33,59.08,,61.91,58.27
2025-10-16,61.08,58.29,,61.06,57.46
2025-10-17,61.23,58.3,,61.29,57.54
2025-10-20,60.71,58.34,,61.01,57.52
2025-10-21,61.0,58.66,,61.32,57.82
2025-10-22,62.28,59.3,,62.59,58.5
2025-10-23,66.32,62.44,,65.99,61.79
2025-10-24,65.8,62.27,,65.94,61.5
2025-10-27,65.52,62.13,,65.62,61.31
2025-10-28,64.03,60.97,,64.4,60.15
2025-10-29,65.01,61.26,,64.92,60.48
2025-10-30,65.11,61.36,,65.0,60.57
2025-10-31,65.44,61.75,,65.07,60.98
2025-11-03,65.79,61.79,,64.89,61.05
2025-11-04,65.04,61.38,,64.44,60.56
2025-11-05,63.54,60.4,,63.52,59.6
2025-11-06,63.41,60.24,,63.38,59.43
2025-11-07,63.72,60.54,,63.63,59.75
2025-11-10,63.01,60.94,,64.06,60.13
2025-11-11,63.86,,,65.16,61.04
2025-11-12,61.88,59.3,,62.71,58.49
2025-11-13,62.14,59.54,,63.01,58.69
2025-11-14,63.45,60.87,,64.39,60.09
2025-11-17,63.16,60.66,,64.2,59.91
2025-11-18,64.86,61.51,,64.89,60.74
2025-11-19,63.78,60.27,,63.51,59.44
2025-11-20,63.64,60.07,,63.38,59.14
2025-11-21,62.78,58.86,,62.56,58.06
2025-11-24,64.83,59.11,,63.37,58.84
2025-11-25,63.99,58.25,,62.48,57.95
2025-11-26,64.81,58.81,,63.13,58.65
2025-11-27,64.18,,,,
2025-11-28,64.07,58.58,,63.2,58.55
2025-12-01,64.22,59.47,,63.17,59.32
2025-12-02,63.37,58.81,,62.45,58.64
2025-12-03,63.75,59.09,,62.67,58.95
2025-12-04,64.15,59.82,,63.26,59.67
2025-12-05,64.42,60.23,,63.75,60.08
2025-12-08,63.3,59.04,,62.49,58.88
2025-12-09,62.62,58.4,,61.94,58.25
2025-12-10,63.12,58.67,,62.21,58.46
2025-12-11,61.87,57.76,,61.28,57.6
2025-12-12,62.11,57.61,,61.12,57.44
2025-12-15,61.55,56.97,,60.56,56.82
2025-12-16,59.93,55.44,,58.92,55.27
2025-12-17,60.61,56.07,,59.68,55.94
2025-12-18,60.69,56.22,,59.82,56.15
2025-12-19,61.35,56.8,,60.47,56.66
2025-12-22,62.22,58.18,,62.07,58.01
2025-12-23,63.7,58.55,,62.38,58.38
2025-12-24,63.7,58.72,,62.24,58.35
2025-12-26,,56.6,,60.64,56.74
2025-12-29,63.1,57.89,,61.94,58.08
2025-12-30,62.3,57.79,,61.92,57.95
2025-12-31,61.35,57.26,,60.85,57.42
2026-01-02,61.98,57.21,,60.75,57.32
2026-01-05,63.0,58.1,,61.76,58.32
2026-01-06,62.1,56.97,,60.7,57.13
2026-01-07,61.08,56.01,,59.96,55.99
2026-01-08,63.34,57.74,,61.99,57.76
2026-01-09,65.11,58.96,,63.34,59.12
2026-01-12,65.4,59.39,,63.87,59.5
2026-01-13,67.58,60.85,,65.47,61.15
2026-01-14,68.87,61.84,,66.52,62.02
2026-01-15,66.16,59.13,,63.76,59.19
2026-01-16,66.97,59.4,,64.13,59.44
2026-01-19,66.91,,,,
2026-01-20,67.68,60.3,,64.92,60.34
2026-01-21,66.72,60.38,,65.24,60.62
2026-01-22,65.46,59.24,,64.06,59.36
2026-01-23,68.16,60.7,,65.88,61.07
2026-01-26,67.7,60.46,,65.59,60.63
2026-01-27,70.28,62.04,,67.57,62.39
2026-01-28,70.9,62.75,,68.4,63.21
2026-01-29,71.0,64.77,,70.71,65.42
2026-01-30,72.25,64.5,,70.69,65.21
2026-02-02,67.72,61.6,,66.3,62.14
2026-02-03,70.01,62.62,,67.33,63.21
2026-02-04,71.15,64.56,,69.46,65.14
2026-02-05,69.87,62.9,,67.55,63.29
2026-02-06,70.45,63.77,,68.05,63.55
2026-02-09,71.19,64.53,,69.04,64.36
2026-02-10,71.01,64.2,,68.8,63.96
2026-02-11,71.52,64.8,,69.4,64.63
2026-02-12,69.8,63.08,,67.52,62.84
2026-02-13,69.96,63.05,,67.75,62.89
2026-02-16,70.81,,,,
2026-02-17,69.77,62.53,,67.42,62.33
2026-02-18,71.78,65.33,,70.35,65.19
2026-02-19,73.17,66.66,,71.66,66.43
2026-02-20,72.75,66.69,,71.76,66.39
2026-02-23,71.9,66.36,,71.49,66.31
2026-02-24,71.21,65.62,,70.77,65.63
2026-02-25,70.69,65.3,,70.85,65.42
2026-02-26,71.66,65.1,,70.75,65.21
2026-02-27,71.32,66.96,,72.48,67.02
2026-03-02,77.24,71.13,,77.74,71.23
2026-03-03,83.28,74.48,,81.4,74.56
2026-03-04,81.56,74.58,,81.4,74.66
2026-03-05,88.59,80.88,,85.41,81.01
2026-03-06,95.74,90.77,,92.69,90.9
2026-03-09,94.35,94.65,,98.96,94.77
2026-03-10,89.84,83.71,,87.8,83.45
2026-03-11,90.98,86.8,,91.98,87.25
2026-03-12,102.38,95.61,,100.46,95.73
2026-03-13,103.23,98.48,,103.14,98.71
2026-03-16,101.04,93.39,,100.21,93.5
2026-03-17,108.39,96.01,,103.42,96.21
2026-03-18,118.09,96.12,,107.38,96.32
2026-03-19,111.05,96.11,,108.65,96.14
2026-03-20,118.42,98.71,,112.19,98.32
2026-03-23,103.79,89.33,,99.94,88.13
2026-03-24,108.42,93.18,,104.49,92.35
2026-03-25,109.14,91.51,,102.22,90.32
2026-03-26,113.39,96.18,,108.01,94.48
2026-03-27,121.47,101.26,,112.57,99.64
2026-03-30,121.88,104.69,,112.78,102.88
2026-03-31,126.69,102.86,,118.35,101.38
2026-04-01,119.56,101.9,,101.16,100.12
2026-04-02,127.61,113.23,,109.03,111.54
2026-04-06,,114.01,,109.77,112.41
2026-04-07,138.21,114.58,,109.27,112.95
2026-04-08,122.11,96.17,,94.75,94.41
2026-04-09,119.03,99.62,,95.92,97.87
2026-04-10,119.07,98.34,,95.2,96.57
2026-04-13,123.28,100.72,,99.36,99.08
2026-04-14,118.69,93.07,,94.79,91.28
2026-04-15,114.93,93.04,,94.93,91.29
2026-04-16,116.63,96.46,,99.39,94.69
2026-04-17,98.63,85.91,,90.38,83.85
2026-04-20,103.4,91.06,,95.48,89.61
2026-04-21,106.14,93.64,,98.48,92.13
2026-04-22,113.44,94.76,,101.91,92.96
2026-04-23,113.25,99.27,,105.07,95.85
2026-04-24,111.86,98.42,,105.33,94.4
2026-04-27,113.89,99.89,,108.23,96.37
2026-04-28,117.62,103.45,,111.26,99.93
2026-04-29,124.16,110.47,,118.03,106.88
2026-04-30,124.24,108.64,,114.01,105.07
2026-05-01,118.26,105.38,,108.17,101.94
2026-05-04,,109.76,,114.44,106.42
2026-05-05,114.51,105.66,,109.87,102.27
2026-05-06,103.7,98.75,,101.27,95.08
2026-05-07,101.82,98.38,,100.06,94.81
2026-05-08,103.48,98.87,,101.29,95.42
2026-05-11,106.11,101.56,,104.21,98.07
2026-05-12,111.37,105.78,,107.77,102.18
2026-05-13,110.28,104.52,,105.63,101.02
2026-05-14,110.91,104.66,,105.72,101.17
2026-05-15,113.96,108.99,,109.26,105.42
2026-05-18,116.73,112.25,,112.1,108.66
2026-05-19,114.64,112.09,,111.28,107.77
2026-05-20,108.93,101.69,,105.02,98.26
2026-05-21,105.84,100.2,,102.58,96.35
2026-05-22,106.9,100.35,,103.54,96.6
2026-05-26,102.75,97.63,,99.58,93.89
2026-05-27,97.11,92.35,,94.29,88.68
2026-05-28,95.47,92.65,,93.71,88.9
2026-05-29,92.88,91.16,,92.05,87.36
2026-06-01,98.29,95.96,,94.98,92.16
2026-06-02,98.49,97.47,,96.0,93.76
2026-06-03,101.69,99.76,,97.81,96.02
2026-06-04,98.98,96.83,,95.03,93.04
2026-06-05,97.29,94.32,,93.09,90.54
2026-06-08,97.46,95.0,,94.25,91.3
2026-06-09,94.15,91.9,,91.45,88.2
2026-06-10,95.73,93.68,,93.1,90.03
2026-06-11,92.84,91.58,,90.38,87.71
2026-06-12,88.64,88.62,,87.33,84.88
2026-06-15,84.36,84.65,,83.17,80.75
2026-06-16,80.5,79.8,,78.96,76.05
2026-06-17,80.33,80.65,,79.55,76.79
2026-06-18,79.35,80.35,,79.85,76.6
2026-06-19,80.46,,,,
2026-06-22,76.49,78.94,,77.9,74.82
2026-06-23,75.69,74.62,,77.08,73.21
2026-06-24,72.09,71.42,,73.74,70.34
2026-06-25,73.74,72.67,,75.26,71.92
2026-06-26,70.16,70.3,,71.99,69.23
2026-06-29,71.59,71.87,,73.15,70.75
2026-06-30,70.46,70.56,,72.92,69.5
2026-07-01,69.24,69.74,,71.57,68.58
2026-07-02,68.53,69.73,,71.8,68.69
2026-07-03,68.68,,,,
2026-07-06,69.56,69.6,,71.99,68.55
2026-07-07,71.78,71.53,,74.16,70.44
2026-07-08,76.5,74.56,,78.02,73.52
2026-07-09,74.46,73.15,,76.3,72.08
2026-07-10,74.34,72.45,,76.01,71.41
2026-07-13,81.62,79.2,,83.3,78.14
2026-07-14,83.69,80.44,,84.73,79.34
2026-07-15,83.08,80.73,,84.95,79.6
2026-07-16,81.23,80.03,,84.23,78.95
2026-07-17,85.01,83.43,,88.1,82.49
2026-07-20,86.99,84.38,,89.22,83.23
2026-07-21,93.85,86.04,,91.01,84.91
2026-07-22,94.12,87.66,,94.07,86.83
2026-07-23,105.32,93.08,,100.69,92.19
2026-07-24,100.31,91.74,,96.78,89.31
2026-07-27,91.82,84.25,,88.36,82.61
2026-07-28,85.51,80.91,,84.09,79.26
2026-07-29,91.95,86.08,,90.74,84.46
2026-07-30,91.91,85.15,,89.03,83.59
2026-07-31,96.95,86.16,,90.12,84.67
2026-08-03,88.9,81.96,,83.77,80.34
2026-08-04,86.47,77.33,,79.36,75.77
2026-08-05,86.65,76.78,,79.45,75.22
2026-08-06,89.65,78.88,,82.49,77.29
2026-08-07,87.62,79.77,,83.55,78.18
2026-08-10,92.74,83.76,,87.72,82.13
2026-08-11,93.26,84.77,,88.91,83.2
2026-08-12,92.52,84.97,,88.98,83.27
2026-08-13,92.03,82.77,,87.07,81.25
2026-08-14,92.02,83.99,,88.52,82.4
2026-08-17,92.43,86.04,,90.87,84.5
2026-08-18,95.29,86.48,,91.02,84.94
2026-08-19,92.37,87.28,,91.62,85.83
2026-08-20,94.0,89.75,,93.78,87.83
2026-08-21,96.92,87.21,,94.39,87.06
2026-08-24,92.71,86.34,,92.17,85.01
2026-08-25,88.24,83.9,,88.58,82.36
2026-08-26,87.77,83.46,,87.84,82.23
2026-08-27,90.18,84.81,,89.7,83.53
2026-08-28,89.75,84.57,,89.31,83.4
2026-08-31,,87.03,,90.49,85.76
2026-09-01,96.02,91.48,,94.65,90.22
2026-09-02,97.59,92.15,,95.63,91.01
2026-09-03,100.52,92.55,,95.52,91.3
2026-09-04,102.24,92.69,,96.28,91.48
2026-09-07,104.47,,,,
2026-09-08,106.12,94.21,,97.92,93.03
2026-09-09,109.51,97.26,,101.21,96.05
2026-09-10,,,,107.63,102.48
2026-09-11,,,,104.61,100.05
2026-09-14,,,,105.68,101.31
