date,ws,tce_usd_day
2018-05-18,38,0
2018-05-19,38,0
2018-05-21,41.5,0
2018-05-22,38,0
2018-05-23,38,0
2018-05-24,38,0
2018-05-25,44,0
2018-05-27,44,0
2018-05-28,44,0
2018-05-29,46,0
2018-05-30,47.5,0
2018-05-31,47.5,0
2018-06-01,47.5,0
2018-06-03,47.5,0
2018-06-04,47.5,0
2018-06-05,47.5,0
2018-06-07,47.5,0
2018-06-08,47.5,0
2018-06-11,47.5,0
2018-06-12,47.5,0
2018-06-13,47.5,0
2018-06-14,46.5,0
2018-06-15,46.5,0
2018-06-17,46.5,0
2018-06-18,45,0
2018-06-19,47.5,0
2018-06-20,57,0
2018-06-21,57.5,0
2018-06-22,55,0
2018-06-23,55,0
2018-06-24,55,0
2018-06-25,55,0
2018-06-26,55,0
2018-06-27,55,0
2018-06-28,52,0
2018-06-29,52,0
2018-07-01,52,0
2018-07-02,48.5,0
2018-07-03,47,0
2018-07-04,47,0
2018-07-05,47,0
2018-07-06,48,0
2018-07-09,48,0
2018-07-10,47,0
2018-07-11,47,0
2018-07-12,47,0
2018-07-13,47,0
2018-07-16,47,0
2018-07-17,47,0
2018-07-18,46.5,0
2018-07-19,43,0
2018-07-20,45,0
2018-07-23,45,0
2018-07-24,46,0
2018-07-25,46,0
2018-07-26,49,0
2018-07-27,50,0
2018-07-28,50,0
2018-07-29,50,0
2018-07-30,50,0
2018-07-31,50,0
2018-08-01,50,0
2018-08-02,50,0
2018-08-03,51,0
2018-08-04,51,0
2018-08-05,51,0
2018-08-06,52.5,0
2018-08-07,52.5,0
2018-08-08,51,0
2018-08-09,50,0
2018-08-10,50,0
2018-08-12,50,0
2018-08-13,50,0
2018-08-14,49,0
2018-08-15,49,0
2018-08-16,50,0
2018-08-17,50,0
2018-08-20,55.5,0
2018-08-21,50,0
2018-08-22,50,0
2018-08-23,55.5,0
2018-08-24,56,0
2018-08-26,56,0
2018-08-27,56,0
2018-08-28,56,0
2018-08-29,56,0
2018-08-30,55,0
2018-08-31,55,0
2018-09-02,55,0
2018-09-03,53.5,0
2018-09-04,53.5,0
2018-09-05,53,0
2018-09-06,53,0
2018-09-07,50,0
2018-09-10,50,0
2018-09-11,51,0
2018-09-12,52,0
2018-09-13,52,0
2018-09-14,52,0
2018-09-16,52,0
2018-09-17,52,0
2018-09-18,51,0
2018-09-19,51,0
2018-09-20,53,0
2018-09-21,53,0
2018-09-24,53,0
2018-09-25,53,0
2018-09-26,54,0
2018-09-27,55,0
2018-09-28,55,0
2018-09-29,55,0
2018-09-30,55,0
2018-10-01,60,0
2018-10-02,64,0
2018-10-03,64,0
2018-10-04,66,0
2018-10-05,66,0
2018-10-08,82,0
2018-10-09,82,0
2018-10-10,80,0
2018-10-11,80,0
2018-10-12,80,0
2018-10-15,80,0
2018-10-16,87,0
2018-10-17,87,0
2018-10-18,81.5,0
2018-10-19,79,0
2018-10-20,79,0
2018-10-22,79,0
2018-10-23,79,0
2018-10-24,79,0
2018-10-25,78.5,0
2018-10-26,78.5,0
2018-10-27,78.5,0
2018-10-28,78.5,0
2018-10-29,95,0
2018-10-30,96,0
2018-10-31,96,0
2018-11-01,96,0
2018-11-02,96.5,0
2018-11-05,92.5,0
2018-11-06,93,0
2018-11-07,92.5,0
2018-11-08,92.5,0
2018-11-09,92.5,0
2018-11-11,92.5,0
2018-11-12,93.5,0
2018-11-13,89.5,0
2018-11-14,89.5,0
2018-11-15,86.5,0
2018-11-16,86.5,0
2018-11-19,87.5,0
2018-11-20,87.5,0
2018-11-21,90,0
2018-11-22,92,0
2018-11-23,91,0
2018-11-26,90,0
2018-11-27,89.5,0
2018-11-28,89.5,0
2018-11-29,95,0
2018-11-30,95,0
2018-12-02,95,0
2018-12-03,100,0
2018-12-04,97.5,0
2018-12-05,95,0
2018-12-06,95,0
2018-12-07,90,0
2018-12-09,90,0
2018-12-10,89,0
2018-12-11,87.5,0
2018-12-12,84,0
2018-12-13,84,0
2018-12-14,84,0
2018-12-17,82.5,0
2018-12-18,83.5,0
2018-12-19,82.5,0
2018-12-20,82.5,0
2018-12-21,80,0
2018-12-24,80,0
2018-12-27,80,0
2018-12-28,80,0
2019-01-02,71,0
2019-01-03,71,0
2019-01-04,71,0
2019-01-07,68,0
2019-01-08,68,0
2019-01-09,58,0
2019-01-10,55,0
2019-01-11,55,0
2019-01-14,55,0
2019-01-15,54,0
2019-01-16,54,0
2019-01-17,54,0
2019-01-18,55,0
2019-01-19,55,0
2019-01-20,55,0
2019-01-21,56,0
2019-01-22,56,0
2019-01-23,53,0
2019-01-24,53,0
2019-01-25,53,0
2019-01-28,53,0
2019-01-29,50,0
2019-01-30,50,0
2019-01-31,49,0
2019-02-01,45,0
2019-02-04,44,0
2019-02-05,42.5,0
2019-02-06,42.5,0
2019-02-07,42.5,0
2019-02-08,39,0
2019-02-11,39,0
2019-02-12,39,0
2019-02-13,39,0
2019-02-14,41.5,0
2019-02-15,41.5,0
2019-02-18,51,0
2019-02-19,57.5,0
2019-02-20,57.5,0
2019-02-21,57.5,0
2019-02-22,57.5,0
2019-02-25,57.5,0
2019-02-26,60,0
2019-02-27,63.5,0
2019-02-28,65,0
2019-03-01,67.5,0
2019-03-04,67.5,0
2019-03-05,67.5,0
2019-03-06,67.5,0
2019-03-08,67.5,0
2019-03-11,63,0
2019-03-12,63.5,0
2019-03-13,60,31900
2019-03-14,59,29800
2019-03-15,59,29800
2019-03-18,59,30900
2019-03-19,59,30900
2019-03-20,58,29800
2019-03-21,57,29800
2019-03-22,56,26761
2019-03-24,56,26761
2019-03-25,56,27800
2019-03-26,51,22600
2019-03-27,46,17300
2019-03-28,46,17300
2019-03-29,44,17300
2019-03-31,43,17000
2019-04-01,40,11500
2019-04-02,35,6100
2019-04-03,37.5,8700
2019-04-04,37.5,8700
2019-04-05,37,8200
2019-04-07,37,8200
2019-04-08,37,8200
2019-04-09,36.5,8000
2019-04-10,36,8100
2019-04-11,39,9200
2019-04-12,39,9200
2019-04-14,39,9200
2019-04-15,39,10300
2019-04-16,40,10300
2019-04-17,42,10300
2019-04-18,43.5,10300
2019-04-19,43.5,10300
2019-04-23,42.5,13900
2019-04-24,42.5,13900
2019-04-25,40,11300
2019-04-26,39,11300
2019-04-29,38,9200
2019-04-30,37,8500
2019-05-01,37,8500
2019-05-02,37,8500
2019-05-03,37,8500
2019-05-05,37,8500
2019-05-06,37,8500
2019-05-07,35,6100
2019-05-08,34,5600
2019-05-09,35,5600
2019-05-10,36,7200
2019-05-12,36,7200
2019-05-13,37.5,8700
2019-05-14,38,9200
2019-05-15,40,11300
2019-05-16,40,11300
2019-05-17,40,11300
2019-05-19,40,11300
2019-05-20,40,11300
2019-05-21,40,11300
2019-05-22,40,11300
2019-05-23,40,11300
2019-05-24,39,10300
2019-05-27,37.5,9800
2019-05-28,37.5,9000
2019-05-29,37,8200
2019-05-30,37,8200
2019-05-31,37,8200
2019-06-01,37,8200
2019-06-03,37,8200
2019-06-04,37,8200
2019-06-05,38.5,8200
2019-06-06,36,7200
2019-06-07,36,7200
2019-06-09,36,7200
2019-06-10,32,6100
2019-06-11,35,6100
2019-06-12,35,6100
2019-06-13,35,6100
2019-06-14,38.5,9700
2019-06-17,41,12300
2019-06-18,44,15400
2019-06-19,46,17500
2019-06-20,50,21600
2019-06-21,50,21600
2019-06-24,50,21600
2019-06-25,49,20600
2019-06-26,49,20600
2019-06-27,48,19500
2019-06-28,48,19500
2019-06-30,47,18900
2019-07-01,46,18900
2019-07-02,46,17500
2019-07-03,46,17500
2019-07-04,45,16400
2019-07-05,45,16400
2019-07-08,45,16400
2019-07-09,45,16400
2019-07-10,43,14400
2019-07-11,42.5,13900
2019-07-12,42.5,13900
2019-07-14,42.5,13900
2019-07-15,42.5,13900
2019-07-16,42.5,13900
2019-07-17,42.5,13900
2019-07-18,42,13400
2019-07-19,41,12300
2019-07-22,40,11300
2019-07-23,41,12300
2019-07-24,41,12300
2019-07-25,40,11300
2019-07-26,40,11300
2019-07-29,40,11300
2019-07-30,40,11300
2019-07-31,40,11300
2019-08-01,42.5,13900
2019-08-02,44,15400
2019-08-05,48,19500
2019-08-06,49,20600
2019-08-07,52.5,24200
2019-08-08,52.5,24200
2019-08-09,52.5,24200
2019-08-12,51.5,23100
2019-08-13,50,21600
2019-08-14,52.5,24200
2019-08-15,55,26800
2019-08-16,60,31900
2019-08-19,65,37100
2019-08-20,66,38100
2019-08-21,65,37100
2019-08-22,64,36000
2019-08-23,64,35000
2019-08-26,64,35000
2019-08-27,62,34500
2019-08-28,60,31900
2019-08-29,60,31900
2019-08-30,59,30900
2019-09-02,56,27800
2019-09-03,51,22600
2019-09-04,52,23700
2019-09-05,50,21600
2019-09-06,50,21600
2019-09-09,50,21600
2019-09-10,51.5,23100
2019-09-11,52,23700
2019-09-12,52.5,24200
2019-09-13,52.5,24200
2019-09-16,62.5,34500
2019-09-17,65,37100
2019-09-18,65,37100
2019-09-19,67.5,39600
2019-09-20,67.5,39600
2019-09-23,67.5,39600
2019-09-24,67,39100
2019-09-25,61,32900
2019-09-26,75,47400
2019-09-27,82.5,55100
2019-09-30,85,57700
2019-10-01,90,62800
2019-10-02,92.5,65400
2019-10-03,100,73100
2019-10-04,115,88600
2019-10-07,120,93800
2019-10-08,132.5,106600
2019-10-09,140,114400
2019-10-10,202.5,178800
2019-10-11,290,269000
2019-10-14,290,269000
2019-10-15,190,165900
2019-10-16,142.5,116900
2019-10-17,125,98900
2019-10-18,110,83400
2019-10-21,110,83400
2019-10-22,110,83400
2019-10-23,105,78300
2019-10-24,97.5,70600
2019-10-25,95,68000
2019-10-26,95,68000
2019-10-28,92.5,65400
2019-10-29,92.5,65400
2019-10-30,87.5,62800
2019-10-31,92.5,65400
2019-11-01,87.5,60300
2019-11-04,87.5,60300
2019-11-05,87.5,60300
2019-11-06,84,56600
2019-11-07,80,52500
2019-11-08,75,47400
2019-11-09,75,47400
2019-11-11,74,46300
2019-11-12,74,46300
2019-11-13,75,47400
2019-11-14,75,47400
2019-11-15,76,48400
2019-11-18,82.5,55100
2019-11-19,89,61800
2019-11-20,95,68000
2019-11-21,110,83400
2019-11-22,112.5,86000
2019-11-25,120,93800
2019-11-26,120,93800
2019-11-27,115,91200
2019-11-28,115,88600
2019-11-29,100,73100
2019-12-01,100,73100
2019-12-02,95,68000
2019-12-03,95,68000
2019-12-04,92.5,65400
2019-12-05,90,65400
2019-12-06,97.5,70600
2019-12-09,108.5,81900
2019-12-10,110,83400
2019-12-11,110,83400
2019-12-12,101.5,74700
2019-12-13,100,73100
2019-12-16,100,73100
2019-12-17,118,91700
2019-12-18,122.5,96300
2019-12-19,120,93800
2019-12-20,122.5,96300
2019-12-23,122.5,96300
2019-12-24,120,93800
2019-12-27,135,93800
2019-12-28,135,93800
2019-12-30,138.5,112800
2019-12-31,135,109200
2020-01-01,145,109200
2020-01-02,140,114400
2020-01-03,142,116400
2020-01-06,142,116400
2020-01-07,145,119500
2020-01-08,145,119500
2020-01-09,145,119500
2020-01-10,125,98900
2020-01-13,105,78300
2020-01-14,92.5,65400
2020-01-15,85,57700
2020-01-16,85,66600
2020-01-17,87.5,69700
2020-01-20,87.5,69700
2020-01-21,87.5,69700
2020-01-22,87.5,69700
2020-01-23,80,60400
2020-01-24,77.5,57300
2020-01-27,70,48100
2020-01-28,65,41900
2020-01-29,65,41900
2020-01-30,57.5,32600
2020-01-31,52.5,26400
2020-02-03,51.5,25200
2020-02-04,44,16000
2020-02-05,44,16000
2020-02-06,44,16000
2020-02-07,41.5,12900
2020-02-10,42.5,14100
2020-02-11,42.5,14100
2020-02-12,42.5,14200
2020-02-13,40,9300
2020-02-14,40,9300
2020-02-17,40,9300
2020-02-18,41,10600
2020-02-19,41,10600
2020-02-20,41,10600
2020-02-21,41,10600
2020-02-24,42,11800
2020-02-25,42.5,12400
2020-02-26,42.5,12400
2020-02-27,47.5,18600
2020-02-28,47.5,18600
2020-03-02,47.5,18600
2020-03-03,49,20400
2020-03-04,47,18000
2020-03-05,47.5,18600
2020-03-06,45,15500
2020-03-09,57.5,32600
2020-03-10,95,78900
2020-03-11,170,171500
2020-03-12,182.5,187000
2020-03-13,215,227100
2020-03-16,225,239500
2020-03-17,205,237800
2020-03-18,162.5,163000
2020-03-19,125,114300
2020-03-20,112.5,100500
2020-03-23,97.5,80300
2020-03-24,90,72800
2020-03-25,105,91300
2020-03-26,115,103600
2020-03-27,190,196200
2020-03-30,205,214800
2020-03-31,210,220900
2020-04-01,210,220900
2020-04-02,195,219200
2020-04-03,200,206900
2020-04-06,150,145200
2020-04-07,120,108100
2020-04-08,130,120500
2020-04-09,185,190100
2020-04-10,185,190100
2020-04-12,165,163700
2020-04-13,165,190100
2020-04-14,165,163700
2020-04-15,155,151300
2020-04-16,152.5,148200
2020-04-17,150,145200
2020-04-19,150,145200
2020-04-20,160,157500
2020-04-21,195,200700
2020-04-22,195,202400
2020-04-23,155,151300
2020-04-24,155,151300
2020-04-27,150,145200
2020-04-28,140,132800
2020-04-29,117.5,105000
2020-04-30,85,64900
2020-05-01,75,52500
2020-05-03,75,52500
2020-05-04,72.5,49500
2020-05-05,55,55000
2020-05-06,57.63,52074
2020-05-07,58.09,51953
2020-05-08,58.09,51953
2020-05-11,59.75,55044
2020-05-12,60.42,55311
2020-05-13,60.08,55307
2020-05-14,59.63,55377
2020-05-15,58.92,54472
2020-05-17,58.92,54472
2020-05-18,57.58,51882
2020-05-19,57.29,50513
2020-05-20,54.96,47030
2020-05-21,50.42,41361
2020-05-22,51.54,40522
2020-05-24,51.54,40522
2020-05-25,49.88,40522
2020-05-26,50.04,41596
2020-05-27,66.79,60919
2020-05-28,66.42,60891
2020-05-29,65.75,60992
2020-06-01,64.33,59436
2020-06-02,58.13,50055
2020-06-03,56.63,48067
2020-06-04,55.5,46315
2020-06-05,57.33,48862
2020-06-06,57.33,48862
2020-06-07,57.33,48862
2020-06-08,58.08,49310
2020-06-09,58.75,48579
2020-06-10,59.25,50245
2020-06-11,59.67,50179
2020-06-12,60.92,50436
2020-06-13,60.92,50436
2020-06-14,60.92,50436
2020-06-15,59.75,51224
2020-06-16,59.25,50535
2020-06-17,58.71,48838
2020-06-18,56,45522
2020-06-19,55.46,44666
2020-06-20,55.46,44666
2020-06-21,55.46,44666
2020-06-22,52.08,40117
2020-06-23,42.28,28224
2020-06-24,36.67,21080
2020-06-25,36.71,21672
2020-06-26,36.38,21923
2020-06-29,35.58,20440
2020-06-30,34.79,20108
2020-07-01,34.64,19378
2020-07-02,35.67,20094
2020-07-03,35.65,20076
2020-07-06,40.52,26119
2020-07-07,43.88,29770
2020-07-08,44.92,31529
2020-07-09,46.5,33361
2020-07-10,46.35,32969
2020-07-13,45.25,31622
2020-07-14,43.88,29765
2020-07-15,43,28970
2020-07-16,42.38,27950
2020-07-17,42.25,27799
2020-07-20,42,27547
2020-07-21,41.25,26560
2020-07-22,39.33,23436
2020-07-23,38.17,21674
2020-07-24,35.42,18228
2020-07-26,35.42,18228
2020-07-27,35.79,19201
2020-07-28,36.21,19904
2020-07-29,36.21,19833
2020-07-30,35.96,19401
2020-07-31,35.6,19136
2020-08-02,35.6,19136
2020-08-03,35.5,19016
2020-08-04,34.83,18615
2020-08-05,34.5,18251
2020-08-06,33.88,16664
2020-08-07,33.67,16569
2020-08-10,33.8,16941
2020-08-11,32.58,15438
2020-08-12,33,15746
2020-08-13,33.04,15800
2020-08-14,32.75,15413
2020-08-15,32.75,15413
2020-08-17,32.88,15790
2020-08-18,33,15533
2020-08-19,32.79,15279
2020-08-20,32.71,15237
2020-08-21,32.67,15331
2020-08-24,32.58,15379
2020-08-25,32,14578
2020-08-26,31.92,14291
2020-08-27,29.88,11520
2020-08-28,30,11520
2020-08-31,29.63,11520
2020-09-01,27.75,9068
2020-09-02,25.63,6644
2020-09-03,25.21,6103
2020-09-04,24.75,6833
2020-09-07,25.1,6939
2020-09-08,27,9968
2020-09-09,29.13,12874
2020-09-10,32.08,17027
2020-09-11,38.17,24319
2020-09-14,38.29,24511
2020-09-15,37.92,23847
2020-09-16,36.5,22001
2020-09-17,35.38,19752
2020-09-18,34.42,18654
2020-09-21,33.42,16949
2020-09-22,31.04,14386
2020-09-23,29.71,13064
2020-09-24,28.77,11901
2020-09-25,27.29,10166
2020-09-28,26.71,8992
2020-09-29,26.63,8862
2020-09-30,26.54,8667
2020-10-01,26.67,9103
2020-10-02,26.5,8441
2020-10-05,26.58,9209
2020-10-06,26.46,9002
2020-10-07,26.38,8381
2020-10-08,26.38,8132
2020-10-09,26.58,8242
2020-10-12,26.92,8495
2020-10-13,29.21,11493
2020-10-14,29.63,11872
2020-10-15,29.67,12016
2020-10-16,29.42,11596
2020-10-19,29.13,11241
2020-10-20,29.35,11527
2020-10-21,29.33,11712
2020-10-22,28.92,11145
2020-10-23,28.58,10969
2020-10-26,28.46,10631
2020-10-27,28.08,10992
2020-10-28,26.08,8343
2020-10-29,25.81,8298
2020-10-30,25.67,8594
2020-11-02,25.58,8594
2020-11-03,25.79,9304
2020-11-04,26.08,8146
2020-11-05,26,7897
2020-11-06,26,7897
2020-11-09,25.92,7628
2020-11-10,25.67,7371
2020-11-11,25.67,6058
2020-11-12,25.75,5603
2020-11-13,25.79,6209
2020-11-16,25.79,6540
2020-11-17,25.83,6180
2020-11-18,25.96,6342
2020-11-19,26,6254
2020-11-20,26.04,6326
2020-11-23,26.08,6208
2020-11-24,26.21,5903
2020-11-25,27.25,7090
2020-11-26,28.1,7439
2020-11-27,28.45,7998
2020-11-30,28.94,8722
2020-12-01,29.38,9358
2020-12-02,29.58,9361
2020-12-03,31.04,11545
2020-12-04,33.17,13886
2020-12-07,33.17,13292
2020-12-08,34.13,15046
2020-12-09,34.29,15079
2020-12-10,33.96,14407
2020-12-11,34.17,14921
2020-12-14,34.04,14175
2020-12-15,33.65,13475
2020-12-16,33.75,13693
2020-12-17,35,15131
2020-12-18,35.54,15075
2020-12-20,35.54,15075
2020-12-21,37.29,17486
2020-12-22,37.67,18510
2020-12-23,37.33,18096
2020-12-24,37.25,17842
2020-12-27,37.25,17842
2020-12-28,37,17842
2020-12-29,37,17842
2020-12-30,37,17842
2020-12-31,36.5,17842
2021-01-01,36.5,17842
2021-01-03,36.5,17842
2021-01-04,42.79,14966
2021-01-05,42.17,13604
2021-01-06,40.94,12979
2021-01-07,40.48,11431
2021-01-08,39.96,10667
2021-01-11,39.33,10107
2021-01-12,39,9283
2021-01-13,38.17,7860
2021-01-14,34.63,3845
2021-01-15,33.54,3163
2021-01-18,31.67,1219
2021-01-19,29.5,-736
2021-01-20,29.17,-1190
2021-01-21,29.79,-800
2021-01-22,30.88,369
2021-01-24,30.88,369
2021-01-25,32.33,2175
2021-01-26,32.38,2058
2021-01-27,32.5,1995
2021-01-28,31.79,1142
2021-01-29,31.38,1015
2021-02-01,31.17,657
2021-02-02,31.04,232
2021-02-03,31.21,-316
2021-02-04,30.71,-963
2021-02-05,30.75,-1456
2021-02-07,30.75,-1456
2021-02-08,30.08,-2654
2021-02-09,30.83,-2220
2021-02-10,31.33,-2139
2021-02-11,31.54,-1865
2021-02-12,32.15,-985
2021-02-15,32.08,-1056
2021-02-16,32.21,-1702
2021-02-17,32.19,-1758
2021-02-18,32.65,-1340
2021-02-19,32.58,-1917
2021-02-20,32.58,-1917
2021-02-22,32.71,-667
2021-02-23,32.38,-1213
2021-02-24,31.79,-3001
2021-02-25,31.63,-2970
2021-02-26,31.63,-3727
2021-03-01,31.58,-3029
2021-03-02,31.45,-2883
2021-03-03,31.04,-2087
2021-03-04,30.08,-3350
2021-03-05,29.79,-3843
2021-03-08,29.71,-5306
2021-03-09,28.63,-6779
2021-03-10,28.33,-6501
2021-03-11,28.29,-6058
2021-03-12,28.42,-6541
2021-03-15,28.63,-6549
2021-03-16,28.58,-6665
2021-03-17,28.63,-5821
2021-03-18,28.83,-5450
2021-03-19,28.9,-4899
2021-03-22,29.92,-2817
2021-03-23,32.04,-796
2021-03-24,32.88,626
2021-03-25,33.29,1371
2021-03-26,34,1774
2021-03-29,34.79,2440
2021-03-30,34.42,1884
2021-03-31,33.79,1069
2021-04-01,33.25,856
2021-04-05,33.25,856
2021-04-06,32.67,407
2021-04-07,32.33,-77
2021-04-08,31.63,-433
2021-04-09,31.83,-1159
2021-04-12,31.13,-1172
2021-04-13,31.79,-934
2021-04-14,34.54,1762
2021-04-15,34.63,1483
2021-04-16,35.38,1701
2021-04-19,35.29,1365
2021-04-20,34.83,967
2021-04-21,34.42,475
2021-04-22,34.17,965
2021-04-23,33.83,1111
2021-04-26,33.46,228
2021-04-27,34.21,1432
2021-04-28,35,1581
2021-04-29,35.29,2082
2021-04-30,35.21,1543
2021-05-02,35.21,1543
2021-05-03,35.21,1543
2021-05-04,35,1445
2021-05-05,34.54,447
2021-05-06,32.73,-1855
2021-05-07,32.79,-1182
2021-05-10,32.54,-1269
2021-05-11,32.54,-1531
2021-05-12,32.46,-1043
2021-05-13,32.45,-1030
2021-05-14,32.5,-1509
2021-05-17,32.46,-695
2021-05-18,31.96,-1487
2021-05-19,32.38,-1160
2021-05-20,34.58,1728
2021-05-21,36.5,4143
2021-05-24,36.96,5060
2021-05-25,37.08,4233
2021-05-26,36.73,3707
2021-05-27,36.29,3252
2021-05-28,36.29,3215
2021-05-31,36.29,3215
2021-06-01,35.59,1812
2021-06-02,34.86,-4
2021-06-03,34.36,-108
2021-06-04,32.32,-2822
2021-06-07,32.36,-2904
2021-06-08,31.36,-3803
2021-06-09,31.32,-3512
2021-06-10,31.18,-4150
2021-06-11,31.07,-3912
2021-06-14,31.09,-4242
2021-06-15,31.09,-4525
2021-06-16,31.14,-4309
2021-06-17,31.32,-4522
2021-06-18,31.36,-4445
2021-06-19,31.36,-4445
2021-06-21,31.55,-3601
2021-06-22,32.32,-3111
2021-06-23,32.41,-3452
2021-06-24,32.59,-3524
2021-06-25,32.64,-3517
2021-06-28,32.45,-3746
2021-06-29,32.18,-4281
2021-06-30,31.95,-3961
2021-07-01,31.64,-4674
2021-07-02,31.59,-5195
2021-07-05,31.68,-5186
2021-07-06,31.61,-5612
2021-07-07,31.61,-5822
2021-07-08,31.59,-4995
2021-07-09,31.43,-4081
2021-07-12,31.5,-5087
2021-07-13,31.5,-5061
2021-07-14,31.55,-5385
2021-07-15,31.55,-5616
2021-07-16,31.5,-4929
2021-07-19,31.55,-5010
2021-07-20,35.15,-4525
2021-07-21,31.59,-4492
2021-07-22,31.84,-3262
2021-07-23,31.86,-4237
2021-07-25,31.86,-4237
2021-07-26,31.95,-4524
2021-07-27,31.82,-4129
2021-07-28,31.68,-4758
2021-07-29,31.52,-4921
2021-07-30,31.5,-4921
2021-08-02,31.5,-5436
2021-08-03,31.52,-5203
2021-08-04,31.48,-4691
2021-08-05,31.41,-4393
2021-08-06,31.39,-3642
2021-08-09,31.03,-4714
2021-08-10,31.05,-4691
2021-08-11,30.89,-3950
2021-08-12,30.91,-4265
2021-08-13,30.84,-4497
2021-08-16,30.77,-4334
2021-08-17,30.95,-3622
2021-08-18,31.07,-3306
2021-08-19,31.32,-3164
2021-08-20,31.3,-2023
2021-08-23,31.25,-1935
2021-08-24,31.34,-2532
2021-08-25,31.52,-3291
2021-08-26,32,-3241
2021-08-27,32,-3397
2021-08-28,32,-3397
2021-08-30,32,-3397
2021-08-31,31.95,-3522
2021-09-01,32.86,-2855
2021-09-02,33.86,-2057
2021-09-03,33.82,-1960
2021-09-06,33.7,-2814
2021-09-07,33.55,-2559
2021-09-08,34.23,-2219
2021-09-09,34.27,-1894
2021-09-10,34.61,-1706
2021-09-13,34.77,-1531
2021-09-14,34.77,-1874
2021-09-15,34.89,-1768
2021-09-16,34.66,-2075
2021-09-17,35.61,-1545
2021-09-20,36.68,-425
2021-09-21,39.09,355
2021-09-22,39.05,990
2021-09-23,39.05,1989
2021-09-24,39.09,1963
2021-09-27,39.57,2199
2021-09-28,40.41,2473
2021-09-29,40.82,2811
2021-09-30,41,3272
2021-10-01,40.95,2961
2021-10-04,40.95,3676
2021-10-05,40.77,2703
2021-10-06,40.86,2446
2021-10-07,40.82,1694
2021-10-08,40.77,2354
2021-10-11,40.52,815
2021-10-12,40.39,-6
2021-10-13,40.27,-301
2021-10-14,40.25,-136
2021-10-15,40.36,-584
2021-10-18,41.14,73
2021-10-19,41.82,372
2021-10-20,42.59,1609
2021-10-21,43.23,2279
2021-10-22,43.5,2179
2021-10-25,44.32,2887
2021-10-26,45.09,3616
2021-10-27,46,4958
2021-10-28,46.14,5249
2021-10-29,46.27,5861
2021-11-01,46.05,5496
2021-11-02,45.14,4152
2021-11-03,44.89,3759
2021-11-04,44.85,3924
2021-11-05,44.94,3924
2021-11-08,44.5,4497
2021-11-09,44.23,2989
2021-11-10,43.55,2050
2021-11-11,43.32,1161
2021-11-12,43.41,1907
2021-11-15,43.32,2311
2021-11-16,42.68,2015
2021-11-17,42.5,1290
2021-11-18,42.59,1986
2021-11-19,42.5,2261
2021-11-22,42.41,1819
2021-11-23,42.91,2245
2021-11-24,41.95,2041
2021-11-25,41.8,131
2021-11-26,41.65,10
2021-11-29,41.32,779
2021-11-30,40.55,709
2021-12-01,40.2,1183
2021-12-02,39.98,731
2021-12-03,39.91,409
2021-12-06,39.84,258
2021-12-07,39.45,429
2021-12-08,38.41,-1138
2021-12-09,38,-1432
2021-12-10,37.86,-1865
2021-12-13,38.27,-1066
2021-12-14,38.64,-1172
2021-12-15,39.36,-114
2021-12-16,40.05,891
2021-12-17,41.5,1480
2021-12-20,41.95,2075
2021-12-21,41.98,3467
2021-12-22,41.86,3259
2021-12-23,41.64,2044
2021-12-24,41,2044
2021-12-26,41,2044
2021-12-27,41,2044
2021-12-28,41.64,2044
2021-12-29,41,2044
2021-12-30,41,2044
2021-12-31,41,2044
2022-01-03,41.64,2044
2022-01-04,37.5,-562
2022-01-05,37.1,-873
2022-01-06,37.1,-873
2022-01-07,37.09,-1101
2022-01-10,36.95,-2104
2022-01-11,36.82,-2375
2022-01-12,36.5,-3499
2022-01-13,36.41,-4278
2022-01-14,36.41,-4362
2022-01-17,36.36,-4291
2022-01-18,35.82,-5427
2022-01-19,35.45,-6566
2022-01-20,35.41,-6369
2022-01-21,35.27,-6703
2022-01-23,35.27,-6703
2022-01-24,35.32,-5955
2022-01-25,35.32,-6400
2022-01-26,35.61,-5176
2022-01-27,35.55,-5270
2022-01-28,35.23,-5270
2022-01-31,35.18,-6467
2022-02-01,35.05,-7002
2022-02-02,35.05,-7002
2022-02-03,33.86,-8330
2022-02-04,33.55,-9824
2022-02-07,33.86,-10736
2022-02-08,33.82,-10900
2022-02-09,33.27,-10770
2022-02-10,32.95,-10647
2022-02-11,32.91,-11619
2022-02-13,32.91,-11619
2022-02-14,32.95,-11487
2022-02-15,32.91,-12788
2022-02-16,32.23,-13089
2022-02-17,32,-13100
2022-02-18,32,-13100
2022-02-21,31.86,-12534
2022-02-22,32.23,-12400
2022-02-23,34.05,-12461
2022-02-24,38.82,-5800
2022-02-25,45.64,-716
2022-02-26,45.64,-716
2022-02-28,58.82,14308
2022-03-01,58.82,14308
2022-03-02,58.32,12488
2022-03-03,55.73,5701
2022-03-04,52.41,-420
2022-03-07,51.27,-563
2022-03-08,48.41,-10716
2022-03-09,47.18,-11589
2022-03-10,46.68,-15031
2022-03-11,45.91,-10655
2022-03-14,43.55,-10539
2022-03-15,41.73,-10778
2022-03-16,40.64,-7451
2022-03-17,38.68,-9707
2022-03-18,38.32,-10847
2022-03-21,38.18,-13250
2022-03-22,37.23,-16847
2022-03-23,36.5,-17593
2022-03-24,36.05,-18927
2022-03-25,36.77,-19460
2022-03-28,41.55,-12731
2022-03-29,41.64,-12322
2022-03-30,42.59,-10308
2022-03-31,43.59,-8652
2022-04-01,43.95,-7194
2022-04-04,44.23,-5623
2022-04-05,46.05,-4482
2022-04-06,52.3,2126
2022-04-07,53.41,3669
2022-04-08,54.64,7157
2022-04-09,54.64,7157
2022-04-11,54.14,5773
2022-04-12,52.77,4250
2022-04-13,52.45,4132
2022-04-14,51.77,1211
2022-04-15,51.77,1211
2022-04-18,51.77,1211
2022-04-19,51.95,-1492
2022-04-20,50.36,-1818
2022-04-21,49.41,-1846
2022-04-22,49.41,-1370
2022-04-25,48.95,-1307
2022-04-26,47.77,-188
2022-04-27,47.36,-925
2022-04-28,47.14,-2810
2022-04-29,46.55,-3568
2022-05-02,47,-3568
2022-05-03,45.7,-7359
2022-05-04,45.59,-7484
2022-05-05,44.73,-8327
2022-05-06,43.27,-10852
2022-05-09,42.73,-11198
2022-05-10,41.64,-11974
2022-05-11,41.18,-10164
2022-05-12,40.73,-10873
2022-05-13,40,-10873
2022-05-16,40.75,-12925
2022-05-17,40.66,-13059
2022-05-18,40.77,-15770
2022-05-19,40.77,-16869
2022-05-20,40.98,-15366
2022-05-23,41,-17130
2022-05-24,41.7,-16354
2022-05-25,41.86,-16323
2022-05-26,41.68,-17852
2022-05-27,43.27,-17112
2022-05-30,43.6,-20215
2022-05-31,43.8,-24517
2022-06-01,43.86,-22756
2022-06-02,43.5,-22756
2022-06-03,43.86,-22756
2022-06-06,44.23,-22447
2022-06-07,44.23,-23555
2022-06-08,44.5,-22424
2022-06-09,44.91,-22296
2022-06-10,44.86,-23913
2022-06-13,44.95,-23689
2022-06-14,44.95,-22775
2022-06-15,44.95,-22060
2022-06-16,44.91,-20331
2022-06-17,45.23,-18740
2022-06-20,45.27,-21146
2022-06-21,46.05,-21146
2022-06-22,47,-20994
2022-06-23,49.09,-14676
2022-06-24,49.68,-14845
2022-06-26,49.68,-14845
2022-06-27,50.36,-13711
2022-06-28,50.68,-14286
2022-06-29,52.41,-14054
2022-06-30,54.73,-10603
2022-07-01,55.5,-10867
2022-07-02,55.5,-10867
2022-07-04,55.45,-9823
2022-07-05,55.55,-9720
2022-07-06,56.14,-9885
2022-07-07,56.64,-5446
2022-07-08,56.91,-154
2022-07-11,57.95,-1609
2022-07-12,58.05,-1490
2022-07-13,58.14,-695
2022-07-14,58.32,702
2022-07-15,58.55,2122
2022-07-18,58.68,2249
2022-07-19,61.55,4607
2022-07-20,61.86,4716
2022-07-21,61.55,4852
2022-07-22,61.55,8914
2022-07-25,61.36,10718
2022-07-26,60.91,11287
2022-07-27,59.55,8946
2022-07-28,59,9105
2022-07-29,58.95,7444
2022-07-31,58.8,7631
2022-08-02,57.95,7722
2022-08-03,57.64,10358
2022-08-04,57.5,13215
2022-08-05,57.45,13381
2022-08-08,57.82,15017
2022-08-09,58.55,16215
2022-08-10,59,16709
2022-08-11,60.77,16973
2022-08-12,61.09,16095
2022-08-15,64.45,19089
2022-08-16,72.86,30472
2022-08-17,80,39450
2022-08-18,80.95,40833
2022-08-19,80.41,39082
2022-08-22,79.64,38194
2022-08-23,79.64,38239
2022-08-24,80.59,38102
2022-08-25,80.64,37270
2022-08-26,80.18,36310
2022-08-29,80,36310
2022-08-30,78.59,35591
2022-08-31,76.27,32702
2022-09-01,75.73,35013
2022-09-02,75,36514
2022-09-05,73.4,33715
2022-09-06,71.73,30422
2022-09-07,67.05,26692
2022-09-08,70.64,31760
2022-09-09,79.59,43573
2022-09-12,83.59,46804
2022-09-13,85.23,47718
2022-09-14,86.32,47843
2022-09-15,88,50682
2022-09-16,99.23,64171
2022-09-19,100,64171
2022-09-20,99.91,65904
2022-09-21,103.05,68088
2022-09-22,103.7,68674
2022-09-23,103.82,69435
2022-09-26,100.82,66740
2022-09-27,97.23,64218
2022-09-28,90.36,56631
2022-09-29,85.18,50149
2022-09-30,84.14,47479
2022-10-03,82.59,45362
2022-10-04,77.41,39624
2022-10-05,78.14,39966
2022-10-06,80.95,41772
2022-10-07,81.64,40542
2022-10-10,81.09,39544
2022-10-11,81.09,38577
2022-10-12,83.09,42661
2022-10-13,87.41,47794
2022-10-14,93.86,55558
2022-10-17,103.64,66038
2022-10-18,111.41,75876
2022-10-19,110.41,74702
2022-10-20,107.45,72199
2022-10-21,105.95,69440
2022-10-24,98.59,61158
2022-10-25,103.14,67484
2022-10-26,100.68,63768
2022-10-27,98.82,62843
2022-10-28,98.59,61158
2022-10-31,97.95,60743
2022-11-01,98.14,61752
2022-11-02,103.95,68332
2022-11-03,106.5,71986
2022-11-04,107.27,72938
2022-11-07,107.95,73353
2022-11-08,109.95,74977
2022-11-09,113.73,79578
2022-11-10,113.27,79715
2022-11-11,112.77,79833
2022-11-14,112.55,77840
2022-11-15,119.05,85493
2022-11-16,127.41,96647
2022-11-17,127.95,96436
2022-11-18,129.59,99628
2022-11-21,129.91,101230
2022-11-22,118.64,88883
2022-11-23,109.75,76854
2022-11-24,109.75,76854
2022-11-25,108.35,76493
2022-11-28,104.59,71579
2022-11-29,98.73,67001
2022-11-30,89.14,53696
2022-12-01,86.05,50637
2022-12-02,77.68,41038
2022-12-05,75.18,38964
2022-12-06,74.14,37508
2022-12-07,73.45,38446
2022-12-08,73.82,40589
2022-12-09,81.32,49113
2022-12-12,82.5,51542
2022-12-13,82.68,52619
2022-12-14,82.75,51432
2022-12-15,82.86,50743
2022-12-16,83.32,50469
2022-12-19,83.05,51529
2022-12-20,77.23,43974
2022-12-21,75.86,42827
2022-12-22,74.59,39356
2022-12-23,72.55,38466
2022-12-26,72.55,38466
2022-12-27,72.5,38466
2022-12-28,72.55,38466
2022-12-29,0,0
2022-12-30,0,0
2023-01-02,72.55,38466
2023-01-03,0,0
2023-01-04,55.16,32594
2023-01-05,53.27,31613
2023-01-06,52.91,30486
2023-01-09,50.77,27986
2023-01-10,50.14,27313
2023-01-11,50.05,27035
2023-01-12,44.68,18583
2023-01-13,44.45,17099
2023-01-16,44.95,16964
2023-01-17,45.32,17337
2023-01-18,45.64,17092
2023-01-19,46.73,18125
2023-01-20,46.82,18319
2023-01-23,46.75,17204
2023-01-24,47.1,16766
2023-01-25,47.05,16795
2023-01-26,47.73,17911
2023-01-27,48.09,17771
2023-01-28,48.09,17771
2023-01-30,48.64,18745
2023-01-31,49.5,20529
2023-02-01,49.59,20627
2023-02-02,49.27,20372
2023-02-03,49.68,22533
2023-02-06,50.05,23645
2023-02-07,51.91,26753
2023-02-08,53.05,27053
2023-02-09,53.09,26537
2023-02-10,58.23,33686
2023-02-12,58.23,33686
2023-02-13,60.14,35927
2023-02-14,62.45,39484
2023-02-15,65.23,43645
2023-02-16,66.32,46125
2023-02-17,69.32,51933
2023-02-20,69.32,51933
2023-02-21,70.14,52954
2023-02-22,67.09,49582
2023-02-23,64.73,47357
2023-02-24,64.86,47203
2023-02-25,64.86,47203
2023-02-27,65.91,48300
2023-02-28,68.82,52521
2023-03-01,69.82,52280
2023-03-02,70.23,52874
2023-03-03,71.36,54130
2023-03-06,71.82,54852
2023-03-07,74.09,58122
2023-03-08,83.41,71272
2023-03-09,98.55,92522
2023-03-10,97,90176
2023-03-11,97,90176
2023-03-13,95.55,88396
2023-03-14,91.09,82673
2023-03-15,92.41,84702
2023-03-16,93.77,89116
2023-03-17,97.73,93850
2023-03-20,100.45,97526
2023-03-21,98.14,94839
2023-03-22,91.55,85208
2023-03-23,90.32,83019
2023-03-24,90.36,82948
2023-03-26,90.36,82948
2023-03-27,89.09,82162
2023-03-28,87.77,79803
2023-03-29,84.27,74486
2023-03-30,80.05,68929
2023-03-31,79.36,67703
2023-04-03,69.95,53289
2023-04-04,68.14,50417
2023-04-05,68.05,51107
2023-04-06,67.82,50500
2023-04-10,67.82,50500
2023-04-11,67.59,49817
2023-04-12,70.09,52839
2023-04-13,72.64,56017
2023-04-14,72.18,55395
2023-04-17,72.5,56070
2023-04-18,72.95,57033
2023-04-19,72.41,56220
2023-04-20,65.32,47108
2023-04-21,65.18,48232
2023-04-22,65.18,48232
2023-04-24,63.86,46009
2023-04-25,60,46009
2023-04-26,60,
2023-04-27,55,
2023-04-28,55,
2023-05-02,55,
2023-05-03,48.5,
2023-05-04,47,
2023-05-05,45,
2023-05-08,45,
2023-05-09,42.5,
2023-05-10,39,
2023-05-11,40,
2023-05-12,43,
2023-05-15,45,
2023-05-16,45,
2023-05-17,48.5,
2023-05-18,49.5,
2023-05-19,52.5,
2023-05-22,54,
2023-05-23,53,
2023-05-24,51,
2023-05-25,50,
2023-05-26,49,
2023-05-30,47,
2023-05-31,45,
2023-06-01,45.5,
2023-06-02,46,
2023-06-05,46,
2023-06-06,46,
2023-06-07,46,
2023-06-08,48.5,
2023-06-09,50,
2023-06-12,62.5,
2023-06-13,72.5,
2023-06-14,80,
2023-06-15,81,
2023-06-16,83.5,
2023-06-19,85,
2023-06-20,82.5,
2023-06-21,82.5,
2023-06-22,72.5,
2023-06-23,65,
2023-06-26,52.5,
2023-06-27,50,
2023-06-28,50,
2023-06-29,53.5,
2023-06-30,55,
2023-07-03,57.5,
2023-07-04,57,
2023-07-05,58,
2023-07-06,55.5,
2023-07-07,53,
2023-07-10,53,
2023-07-11,51,
2023-07-12,51,
2023-07-14,51.5,
2023-07-17,53,
2023-07-19,53.5,
2023-07-20,53,
2023-07-21,52,
2023-07-24,52,
2023-07-25,51,
2023-07-26,51,
2023-07-27,51,
2023-07-28,51,
2023-07-31,51,
2023-08-01,50,
2023-08-02,49,
2023-08-08,49.5,
2023-08-09,49,
2023-08-10,47,
2023-08-11,47,
2023-08-14,47,
2023-08-15,46.5,
2023-08-16,46.5,
2023-08-17,46.5,
2023-08-18,45.5,
2023-08-21,45.5,
2023-08-22,45,
2023-08-23,44.5,
2023-08-24,44,
2023-08-29,42.5,
2023-08-30,42.5,
2023-08-31,40,
2023-09-01,37,
2023-09-04,37,
2023-09-06,37,
2023-09-07,37,
2023-09-08,37,
2023-09-11,37,
2023-09-12,36.5,
2023-09-14,36.5,
2023-09-15,37.5,
2023-09-18,38.5,
2023-09-19,39,
2023-09-20,42.5,
2023-09-21,50,
2023-09-22,51,
2023-09-25,53,
2023-09-26,52,
2023-09-27,51,
2023-09-28,50,
2023-09-29,49.5,
2023-10-02,49,
2023-10-03,47.5,
2023-10-04,42.5,
2023-10-05,40,
2023-10-06,37,
2023-10-09,37,
2023-10-10,45,
2023-10-11,48,
2023-10-12,51,
2023-10-13,57,
2023-10-16,62.5,
2023-10-17,65,
2023-10-18,64,
2023-10-19,58,
2023-10-20,54.5,
2023-10-23,54,
2023-10-24,55,
2023-10-25,54,
2023-10-26,56.5,
2023-10-27,60,
2023-10-30,61.5,
2023-10-31,72.5,
2023-11-01,72.5,
2023-11-03,71,
2023-11-06,71,
2023-11-08,69,
2023-11-10,67,
2023-11-13,66,
2023-11-14,68,
2023-11-15,71.25,
2023-11-16,71,
2023-11-17,73,
2023-11-20,71,
2023-11-21,72.5,
2023-11-22,68,
2023-11-23,65,
2023-11-24,68.5,
2023-11-27,68.5,
2023-11-28,68.5,
2023-11-29,68.5,
2023-11-30,67,
2023-12-01,67,
2023-12-04,67,
2023-12-05,65,
2023-12-06,65,
2023-12-07,66.5,
2023-12-08,65,
2023-12-11,64,
2023-12-12,62.5,
2023-12-13,56.5,
2023-12-14,55,
2023-12-15,55,
2023-12-18,55,
2023-12-19,55,
2023-12-20,55,
2023-12-21,54,
2023-12-22,54,
2023-12-28,54,
2023-12-29,53,
2024-01-02,53,
2024-01-03,54.5,
2024-01-05,56.5,
2024-01-08,67.5,
2024-01-09,67.5,
2024-01-10,68,
2024-01-11,69,
2024-01-12,70,
2024-01-15,69,
2024-01-16,69,
2024-01-18,67.5,
2024-01-19,66.5,
2024-01-22,63.5,
2024-01-23,63.5,
2024-01-24,59.5,
2024-01-25,58,
2024-01-26,57,
2024-01-29,57.5,
2024-01-30,56,
2024-01-31,57,
2024-02-01,58,
2024-02-02,58,
2024-02-05,57.5,
2024-02-06,58.5,
2024-02-07,62.5,
2024-02-08,66,
2024-02-09,67,
2024-02-12,68,
2024-02-13,71,
2024-02-14,75,
2024-02-15,87.5,
2024-02-16,92.5,
2024-02-19,95,
2024-02-20,92.5,
2024-02-21,70,
2024-02-22,69,
2024-02-23,65,
2024-02-26,62.5,
2024-02-27,62.5,
2024-02-28,60,
2024-02-29,60,
2024-03-01,60,
2024-03-04,65,
2024-03-05,75,
2024-03-06,75,
2024-03-07,73,
2024-03-08,69,
2024-03-11,71,
2024-03-12,70,
2024-03-13,70,
2024-03-14,72.5,
2024-03-15,77.5,
2024-03-18,85,
2024-03-19,83,
2024-03-20,77.5,
2024-03-21,70,
2024-03-22,65,
2024-03-25,65,
2024-03-26,63.5,
2024-03-27,64,
2024-03-28,64.5,
2024-04-02,67.5,
2024-04-03,66,
2024-04-04,67,
2024-04-05,65,
2024-04-08,65,
2024-04-09,63.5,
2024-04-10,62,
2024-04-11,62,
2024-04-12,62.5,
2024-04-15,63,
2024-04-16,63,
2024-04-17,64,
2024-04-18,60,
2024-04-19,59,
2024-04-22,58.5,
2024-04-23,58.5,
2024-04-24,58,
2024-04-25,58.5,
2024-04-26,60,
2024-04-29,62.5,
2024-04-30,63.5,
2024-05-01,65,
2024-05-02,66,
2024-05-03,67.5,
2024-05-06,67.5,
2024-05-07,68.5,
2024-05-08,68.5,
2024-05-09,68.5,
2024-05-10,70,
2024-05-13,72,
2024-05-14,72,
2024-05-15,71,
2024-05-16,73,
2024-05-17,74,
2024-05-20,74,
2024-05-21,73.5,
2024-05-22,73,
2024-05-23,68,
2024-05-24,68,
2024-05-27,68,
2024-05-28,65,
2024-05-29,62,
2024-05-30,59,
2024-05-31,58,
2024-06-03,58,
2024-06-04,56,
2024-06-05,55,
2024-06-06,55,
2024-06-07,54,
2024-06-10,54,
2024-06-11,54,
2024-06-12,53,
2024-06-13,51.5,
2024-06-14,51.5,
2024-06-17,51,
2024-06-18,51,
2024-06-19,50,
2024-06-21,49,
2024-06-24,49,
2024-06-25,49.5,
2024-06-26,49.5,
2024-06-27,49.5,
2024-06-28,49.5,
2024-07-01,49.5,
2024-07-02,49.5,
2024-07-03,49,
2024-07-04,49,
2024-07-05,48,
2024-07-08,48.5,
2024-07-09,48,
2024-07-10,48,
2024-07-11,47,
2024-07-12,46,
2024-07-15,45.5,
2024-07-16,45.5,
2024-07-17,45.5,
2024-07-18,46.5,
2024-07-19,52.5,
2024-07-22,54,
2024-07-23,59,
2024-07-24,59,
2024-07-25,58.5,
2024-07-26,55,
2024-07-29,55,
2024-07-30,54,
2024-07-31,47.5,
2024-08-01,46.5,
2024-08-02,47,
2024-08-05,48,
2024-08-07,46,
2024-08-08,46,
2024-08-12,47,
2024-08-13,46.5,
2024-08-14,48,
2024-08-15,55,
2024-08-16,60,
2024-08-19,61,
2024-08-20,60.5,
2024-08-21,60,
2024-08-22,55,
2024-08-23,53.5,
2024-08-26,53.5,
2024-08-27,52.5,
2024-08-28,51,
2024-08-29,46,
2024-08-30,44,
2024-09-02,44.5,
2024-09-03,44.5,
2024-09-04,44.5,
2024-09-05,48,
2024-09-06,49,
2024-09-09,51,
2024-09-10,52,
2024-09-11,55,
2024-09-12,55,
2024-09-13,55,
2024-09-16,55,
2024-09-17,55,
2024-09-18,57,
2024-09-19,60,
2024-09-20,61,
2024-09-23,61.5,
2024-09-24,60,
2024-09-25,57,
2024-09-26,54,
2024-09-27,56,
2024-09-30,53.5,
2024-10-01,52.5,
2024-10-02,56.5,
2024-10-03,58,
2024-10-04,60,
2024-10-07,61,
2024-10-08,61,
2024-10-09,60,
2024-10-10,58.5,
2024-10-11,55,
2024-10-14,55,
2024-10-15,55,
2024-10-16,54,
2024-10-17,57.5,
2024-10-18,57.5,
2024-10-21,57.5,
2024-10-22,57.5,
2024-10-23,57,
2024-10-25,57,
2024-10-28,56,
2024-10-29,54,
2024-10-30,54,
2024-10-31,53,
2024-11-01,53,
2024-11-04,52,
2024-11-05,50,
2024-11-06,47,
2024-11-07,47.5,
2024-11-08,49,
2024-11-11,50,
2024-11-12,51.5,
2024-11-13,52,
2024-11-14,52,
2024-11-15,55,
2024-11-18,57,
2024-11-19,59,
2024-11-20,59,
2024-11-21,55.5,
2024-11-22,55,
2024-11-25,54,
2024-11-26,50,
2024-11-27,47,
2024-11-28,47.5,
2024-11-29,46.5,
2024-12-02,46,
2024-12-03,44.5,
2024-12-04,44,
2024-12-05,43.5,
2024-12-06,43,
2024-12-09,42.5,
2024-12-10,42,
2024-12-11,42,
2024-12-12,40,
2024-12-13,39,
2024-12-16,40,
2024-12-17,40,
2024-12-18,40,
2024-12-19,42,
2024-12-20,41,
2024-12-23,42.5,
2024-12-24,42,
2024-12-27,41.5,
2024-12-30,41.5,
2024-12-31,42.5,
2025-01-02,42.5,
2025-01-03,43,
2025-01-06,43.5,
2025-01-07,43.5,
2025-01-08,43.5,
2025-01-09,46,
2025-01-10,49,
2025-01-13,55,
2025-01-14,71,
2025-01-15,71,
2025-01-16,75,
2025-01-17,77.5,
2025-01-20,77.5,
2025-01-21,75,
2025-01-22,65,
2025-01-23,55,
2025-01-24,51.5,
2025-01-27,51,
2025-01-28,52.5,
2025-01-29,52.5,
2025-01-30,58,
2025-01-31,60,
2025-02-03,61,
2025-02-04,65,
2025-02-05,71,
2025-02-06,69,
2025-02-07,67,
2025-02-10,66,
2025-02-11,62.5,
2025-02-12,55,
2025-02-13,60,
2025-02-14,62,
2025-02-17,63,
2025-02-18,65,
2025-02-19,67.5,
2025-02-20,68,
2025-02-21,62,
2025-02-24,61,
2025-02-25,58.75,
2025-02-26,59,
2025-02-27,58.5,
2025-02-28,57,
2025-03-03,57,
2025-03-04,57.5,
2025-03-05,58.5,
2025-03-06,57,
2025-03-07,57,
2025-03-10,57,
2025-03-11,57.5,
2025-03-12,57.5,
2025-03-13,58.5,
2025-03-14,59,
2025-03-17,59,
2025-03-18,61.5,
2025-03-19,68.5,
2025-03-20,70,
2025-03-21,66,
2025-03-24,65,
2025-03-25,62.5,
2025-03-26,62,
2025-03-27,61,
2025-03-28,59,
2025-03-31,59.5,
2025-04-01,59.5,
2025-04-02,60,
2025-04-03,57.5,
2025-04-04,56.5,
2025-04-07,56,
2025-04-08,55,
2025-04-09,55,
2025-04-10,54,
2025-04-11,54,
2025-04-14,53.5,
2025-04-15,54,
2025-04-16,54.5,
2025-04-17,63,
2025-04-22,64,
2025-04-23,65,
2025-04-24,70,
2025-04-25,72.5,
2025-04-28,75,
2025-04-29,73,
2025-04-30,71.5,
2025-05-01,67.5,
2025-05-02,66,
2025-05-05,66,
2025-05-06,66,
2025-05-07,63,
2025-05-08,60,
2025-05-09,61,
2025-05-12,60.5,
2025-05-13,60,
2025-05-14,60,
2025-05-15,64,
2025-05-16,64,
2025-05-19,64,
2025-05-20,63.5,
2025-05-21,59.5,
2025-05-22,59.5,
2025-05-23,60,
2025-05-26,60,
2025-05-27,59.5,
2025-05-28,56,
2025-05-29,51.5,
2025-05-30,51,
2025-06-02,49,
2025-06-03,47,
2025-06-04,45,
2025-06-05,45,
2025-06-06,43.5,
2025-06-09,44.5,
2025-06-10,45,
2025-06-11,45,
2025-06-12,45,
2025-06-13,50,
2025-06-16,62.5,
2025-06-17,71,
2025-06-18,70,
2025-06-19,70,
2025-06-20,77,
2025-06-23,80,
2025-06-24,92.5,
2025-06-25,77,
2025-06-26,55,
2025-06-27,55,
2025-06-30,50,
2025-07-01,48,
2025-07-02,47.5,
2025-07-03,47,
2025-07-04,47,
2025-07-07,46,
2025-07-08,46,
2025-07-09,47.5,
2025-07-10,49.5,
2025-07-11,49.5,
2025-07-14,51.5,
2025-07-15,51.5,
2025-07-16,55.5,
2025-07-17,53,
2025-07-18,52.5,
2025-07-21,52,
2025-07-22,51.5,
2025-07-23,50,
2025-07-24,45,
2025-07-25,45,
2025-07-28,45,
2025-07-29,43.5,
2025-07-30,44,
2025-07-31,44,
2025-08-01,44,
2025-08-04,48.5,
2025-08-05,48.5,
2025-08-06,51,
2025-08-07,56,
2025-08-08,56.5,
2025-08-11,57.5,
2025-08-12,56.5,
2025-08-13,53.5,
2025-08-14,56,
2025-08-15,56.5,
2025-08-18,57,
2025-08-19,58,
2025-08-20,60,
2025-08-21,60,
2025-08-22,67.5,
2025-08-25,69,
2025-08-26,67.5,
2025-08-27,66.5,
2025-08-28,67.5,
2025-08-29,66,
2025-09-01,59,
2025-09-02,64,
2025-09-03,67,
2025-09-04,67.5,
2025-09-05,80,
2025-09-08,77.5,
2025-09-09,76.5,
2025-09-10,72.5,
2025-09-11,77.5,
2025-09-12,95,
2025-09-15,95,
2025-09-16,100,
2025-09-17,105,
2025-09-18,105,
2025-09-19,102.5,
2025-09-22,97.5,
2025-09-23,100,
2025-09-24,101.5,
2025-09-25,101,
2025-09-26,100,
2025-09-29,98.5,
2025-09-30,90,
2025-10-01,89,
2025-10-02,82.5,
2025-10-03,79,
2025-10-06,78,
2025-10-07,77,
2025-10-08,70,
2025-10-09,69,
2025-10-10,92.5,
2025-10-13,100,
2025-10-14,95,
2025-10-15,92.5,
2025-10-16,95,
2025-10-17,96,
2025-10-20,96,
2025-10-21,95,
2025-10-22,93,
2025-10-23,85,
2025-10-24,90,
2025-10-27,90,
2025-10-28,97.5,
2025-10-29,112.5,
2025-10-30,130,
2025-10-31,132.5,
2025-11-03,126.5,
2025-11-04,117.5,
2025-11-05,107.5,
2025-11-06,107.5,
2025-11-07,102.5,
2025-11-10,103,
2025-11-11,103,
2025-11-12,110,
2025-11-13,125,
2025-11-14,132.5,
2025-11-17,130,
2025-11-18,125,
2025-11-19,127.5,
2025-11-20,135,
2025-11-21,140,
2025-11-24,140,
2025-11-25,146,
2025-11-26,140,
2025-11-27,135,
2025-11-28,132.5,
2025-12-01,130,
2025-12-02,125,
2025-12-03,122.5,
2025-12-04,122.5,
2025-12-05,122.5,
2025-12-08,124,
2025-12-09,124,
2025-12-10,124,
2025-12-11,126,
2025-12-12,127,
2025-12-15,127,
2025-12-16,126,
2025-12-17,125,
2025-12-18,120,
2025-12-19,115,
2025-12-22,112.5,
2025-12-23,80,
2025-12-24,69,
2025-12-29,62.5,
2025-12-30,60,
2025-12-31,57.5,
2026-01-02,50,
2026-01-05,47.5,
2026-01-06,50,
2026-01-07,51,
2026-01-08,62.5,
2026-01-09,77.5,
2026-01-12,80,
2026-01-13,85,
2026-01-14,92.5,
2026-01-15,120,
2026-01-16,122.5,
2026-01-19,130,
2026-01-20,130,
2026-01-21,130,
2026-01-22,135,
2026-01-23,125,
2026-01-26,112.5,
2026-01-27,101.5,
2026-01-28,92.5,
2026-01-29,95,
2026-01-30,97.5,
2026-02-02,145,
2026-02-03,145,
2026-02-04,139,
2026-02-05,135,
2026-02-06,140,
2026-02-09,140,
2026-02-10,139,
2026-02-11,136,
2026-02-12,132.5,
2026-02-13,135,
2026-02-16,145,
2026-02-17,150,
2026-02-18,155,
2026-02-19,165,
2026-02-20,167.5,
2026-02-23,181,
2026-02-24,200,
2026-02-25,210,
2026-02-26,215,
2026-02-27,222.5,
2026-03-02,400,
2026-03-03,410,
2026-03-04,410,
2026-03-05,410,
2026-03-06,410,
2026-03-09,450,
2026-03-10,450,
2026-03-11,450,
2026-03-12,450,
2026-03-13,325,
2026-03-16,275,
2026-03-17,310,
2026-03-18,450,
2026-03-19,420,
2026-03-20,400,
2026-03-23,400,
2026-03-24,400,
2026-03-25,350,
2026-03-26,350,
2026-03-27,350,
2026-03-30,350,
2026-03-31,350,
2026-04-01,350,
2026-04-02,350,
2026-04-07,350,
2026-04-08,450,
2026-04-09,450,
2026-04-10,420,
2026-04-13,420,
2026-04-14,420,
2026-04-15,450,
2026-04-16,450,
2026-04-17,400,
2026-04-20,425,
2026-04-21,400,
2026-04-22,400,
2026-04-23,400,
2026-04-24,400,
2026-04-27,400,
2026-04-28,395,
2026-04-29,395,
2026-04-30,395,
2026-05-01,395,
2026-05-04,395,
2026-05-05,375,
2026-05-06,375,
2026-05-07,375,
2026-05-08,375,
2026-05-11,375,
2026-05-12,375,
2026-05-13,375,
2026-05-14,370,
2026-05-15,370,
2026-05-18,370,
2026-05-19,370,
2026-05-20,370,
2026-05-21,360,
2026-05-22,360,
2026-05-26,360,
2026-05-27,360,
2026-05-28,360,
2026-05-29,360,
2026-06-01,360,
2026-06-02,370,
2026-06-03,370,
2026-06-04,370,
2026-06-05,370,
2026-06-08,370,
2026-06-09,370,
2026-06-10,370,
2026-06-11,370,
2026-06-12,370,
2026-06-15,370,
2026-06-16,400,
2026-06-17,400,
2026-06-18,425,
2026-06-19,450,
2026-06-22,450,
2026-06-23,450,
2026-06-24,410,
2026-06-25,405,
2026-06-26,295,
2026-06-29,310,
2026-06-30,310,
2026-07-01,275,
2026-07-02,300,
2026-07-03,310,
2026-07-06,325,
2026-07-07,325,
2026-07-08,320,
2026-07-09,350,
2026-07-10,350,
2026-07-13,400,
2026-07-14,400,
2026-07-15,400,
2026-07-16,375,
2026-07-17,375,
2026-07-20,375,
2026-07-21,375,
2026-07-22,385,
2026-07-23,385,
2026-07-24,385,
2026-07-27,385,
2026-07-28,385,
2026-07-29,385,
2026-07-30,400,
2026-07-31,400,
2026-08-03,400,
2026-08-04,400,
2026-08-05,400,
2026-08-06,400,
2026-08-07,440,
2026-08-10,475,
2026-08-11,500,
2026-08-12,500,
2026-08-13,500,
2026-08-14,500,
2026-08-17,500,
2026-08-18,510,
2026-08-19,510,
2026-08-20,550,
2026-08-21,600,
2026-08-24,600,
2026-08-25,600,
2026-08-26,600,
2026-08-27,600,
2026-08-28,600,
2026-08-31,600,
2026-09-01,650,
2026-09-02,650,
2026-09-03,675,
2026-09-04,660,
2026-09-07,660,
2026-09-08,700,
2026-09-09,725,
2026-09-10,750,
2026-09-11,800,
2026-09-14,950,
2026-09-15,950,
2026-09-16,1000,
2026-09-17,1100,
2026-09-18,1140,
